model,pcc,spcc,mse,auc
cv_10fold,0.4809992681546381,0.424176899797724,0.0492020802832005,0.7481361280144242
