{
  "mae": 0.14679159688516097,
  "mse": 0.033205719578016844,
  "n": 275,
  "pearson": 0.34099423040993593,
  "r2": 0.10929337690626129,
  "rmse": 0.18222436603818065,
  "spearman": 0.30790715765315846
}