{
  "mae": 0.1657947585345911,
  "mse": 0.042657627337534774,
  "n": 896,
  "pearson": 0.47425959303603366,
  "r2": 0.15454576930069908,
  "rmse": 0.20653722990670417,
  "spearman": 0.47654173477931566
}