{"val": {"rmse": 0.14082519437371835, "mae": 0.10773539727052486, "r2": 0.3869910721392237}, "train": {"rmse": 0.13295704016727983, "mae": 0.10226330498798669, "r2": 0.4618322805829045}, "best_iteration": 4379, "used_gpu": false}