{
  "mae": 0.150320916223526,
  "mse": 0.03621245929093462,
  "n": 275,
  "pearson": 0.4109253632311002,
  "r2": 0.028640916720220844,
  "rmse": 0.19029571537723758,
  "spearman": 0.5066602882188798
}