{
  "mae": 0.1979413652087429,
  "mse": 0.058399062633899546,
  "n": 896,
  "pearson": 0.17295994921617072,
  "r2": -0.15744211889767956,
  "rmse": 0.2416589800398478,
  "spearman": 0.2929404529770348
}