model,pcc,spcc,mse,auc
single,0.4828886700562422,0.4317439754894334,0.049317923229627664,0.7521208023439261
cv_10fold,0.48099926815463817,0.424176899797724,0.04920208028320052,0.7481361280144242
