model,pcc,spcc,mse,auc
single,0.4828886700562422,0.4317439754894334,0.0493179232296276,0.7521208023439261
