fold,pcc,mse
1,0.6342142381989275,0.020362500616563223
2,0.6559136278871986,0.01980737722406016
3,0.6314115968198372,0.02180257992879706
4,0.6320041136401265,0.02255213440448315
5,0.5303021568331675,0.02558966550983654
6,0.6447018875434384,0.019809627521728827
7,0.6019458378002018,0.022631225092369676
8,0.6247707256195103,0.01829451067651035
9,0.6178206141221613,0.02117909034057607
10,0.6721454669239213,0.02014529812271587
