{
  "mae": 0.14006020245985554,
  "mse": 0.029874329739664928,
  "n": 275,
  "pearson": 0.49262420255098316,
  "r2": 0.19865421687106255,
  "rmse": 0.17284192124500622,
  "spearman": 0.49410758953188216
}