{
  "mae": 0.17281169208964067,
  "mse": 0.044446698511818324,
  "n": 896,
  "pearson": 0.36750304187813715,
  "r2": 0.11908721504610598,
  "rmse": 0.21082385660028688,
  "spearman": 0.37520236850638394
}