{
  "mae": 0.12009603701071306,
  "mse": 0.023693851887277004,
  "n": 275,
  "pearson": 0.6112493604867787,
  "r2": 0.3644386849375385,
  "rmse": 0.1539280737463995,
  "spearman": 0.6338566013550176
}