{
  "mae": 0.16029536891462545,
  "mse": 0.03982480002015045,
  "n": 896,
  "pearson": 0.4838214458572109,
  "r2": 0.21069108233867306,
  "rmse": 0.19956151938725675,
  "spearman": 0.4783126339394594
}