{
  "mae": 0.12185705236955122,
  "mse": 0.024179186705456244,
  "n": 275,
  "pearson": 0.5969343020791987,
  "r2": 0.3514201163757408,
  "rmse": 0.1554965810088963,
  "spearman": 0.6145616713441033
}