{
  "mae": 0.1504089662725275,
  "mse": 0.03478293506015906,
  "n": 275,
  "pearson": 0.29759371302992693,
  "r2": 0.06698631975336955,
  "rmse": 0.18650183661336706,
  "spearman": 0.2890216959173838
}