{
  "mae": 0.1733764992468059,
  "mse": 0.0454517993215738,
  "n": 896,
  "pearson": 0.32652930535733266,
  "r2": 0.09916658689763536,
  "rmse": 0.21319427600565125,
  "spearman": 0.3632254106901437
}