{
  "mae": 0.16579256230965256,
  "mse": 0.04265691480555246,
  "n": 896,
  "pearson": 0.4742885374285083,
  "r2": 0.1545598913514683,
  "rmse": 0.20653550495145492,
  "spearman": 0.4765838537596514
}