{
  "mae": 0.14679596839818088,
  "mse": 0.033207966949912564,
  "n": 275,
  "pearson": 0.34092744554301213,
  "r2": 0.10923309364610279,
  "rmse": 0.18223053243052484,
  "spearman": 0.3080693734611115
}