{
  "mae": 0.1585690379402854,
  "mse": 0.03987382125273234,
  "n": 275,
  "pearson": 0.5174271297523293,
  "r2": -0.06957105972120292,
  "rmse": 0.19968430397187542,
  "spearman": 0.5475508463081422
}