{
  "mae": 0.22593495955823786,
  "mse": 0.07695798743952875,
  "n": 896,
  "pearson": 0.2610205524561464,
  "r2": -0.5252713319477693,
  "rmse": 0.277413026802147,
  "spearman": 0.25383961583127473
}