{
  "mae": 0.12000086750117214,
  "mse": 0.023733416033717418,
  "n": 275,
  "pearson": 0.6097374902323871,
  "r2": 0.3633774205614201,
  "rmse": 0.15405653518665613,
  "spearman": 0.6338563127938653
}