{
  "mae": 0.1602845647758139,
  "mse": 0.03986001600959284,
  "n": 896,
  "pearson": 0.48421738829457767,
  "r2": 0.2099931178919695,
  "rmse": 0.19964973330709168,
  "spearman": 0.478241117595942
}