{
  "mae": 0.18248494592495262,
  "mse": 0.051637894549446,
  "n": 896,
  "pearson": 0.3654242284028042,
  "r2": -0.02343892841923112,
  "rmse": 0.22723972924963187,
  "spearman": 0.3641525454642615
}