{
  "mae": 0.12664245592138984,
  "mse": 0.026762867337981458,
  "n": 275,
  "pearson": 0.5977008614345235,
  "r2": 0.28211574711061094,
  "rmse": 0.16359360420866537,
  "spearman": 0.6068718051959735
}