{
  "best_iteration": 6134,
  "device_used": "gpu",
  "best_scores": {
    "train": {
      "rmse": 0.13031012639455955
    },
    "valid": {
      "rmse": 0.14067185856049286
    }
  },
  "train_metrics": {
    "rmse": 0.13033439116885473,
    "mae": 0.10004319062468105,
    "r2": 0.482854175629843
  },
  "val_metrics": {
    "rmse": 0.14067185856049283,
    "mae": 0.10697081520916744,
    "r2": 0.38832528012039724
  }
}