cell_line,threshold
h1299,0.521626
hela,0.714512
hek293,0.787964
hek293t,0.792488
t24,0.921053
halacat,0.550000
hep3b,0.790226

