tool,run_dir,path,bytes,sha256,included
ensirna,siRBench/benchmark/competitors/runs/ensirna-context-sensitivity-v1/original_fold_0_seed_0,/SCRATCH/dtzim01/sirbench-revision-20260921/siRBench/benchmark/competitors/runs/ensirna-context-sensitivity-v1/original_fold_0_seed_0/models/ensirna/version_0/checkpoint/epoch22_step2622.ckpt,13124331,d562506ad4809665d212215644c4beb5d560cdc124ff7831482d2da33e1209cd,False
ensirna,siRBench/benchmark/competitors/runs/ensirna-context-sensitivity-v1/original_fold_0_seed_0,/SCRATCH/dtzim01/sirbench-revision-20260921/siRBench/benchmark/competitors/runs/ensirna-context-sensitivity-v1/original_fold_0_seed_0/models/ensirna/version_0/checkpoint/epoch23_step2736.ckpt,13124331,8ae0be2076e9e82b7d9279e9154b258a56ee1162cee4624dcf186b0091f78bbb,False
ensirna,siRBench/benchmark/competitors/runs/ensirna-context-sensitivity-v1/original_fold_0_seed_0,/SCRATCH/dtzim01/sirbench-revision-20260921/siRBench/benchmark/competitors/runs/ensirna-context-sensitivity-v1/original_fold_0_seed_0/models/ensirna/version_0/checkpoint/epoch24_step2850.ckpt,13124331,fc38de0df467a615921d07d7c8b79614e8fdd11244350caf5660f83292a9bceb,False
ensirna,siRBench/benchmark/competitors/runs/ensirna-context-sensitivity-v1/original_fold_0_seed_0,/SCRATCH/dtzim01/sirbench-revision-20260921/siRBench/benchmark/competitors/runs/ensirna-context-sensitivity-v1/original_fold_0_seed_0/models/ensirna/version_0/checkpoint/epoch25_step2964.ckpt,13124331,a641101b4ca260b5ae11afbd72b680ea2af509f7dc2b4768a75cfb1cab568322,False
ensirna,siRBench/benchmark/competitors/runs/ensirna-context-sensitivity-v1/original_fold_0_seed_0,/SCRATCH/dtzim01/sirbench-revision-20260921/siRBench/benchmark/competitors/runs/ensirna-context-sensitivity-v1/original_fold_0_seed_0/models/ensirna/version_0/checkpoint/epoch26_step3078.ckpt,13124331,5b4b420ba027e2a022831cfaeccca930afe1c26607aefd6d3594ed2d4d8ff043,False
ensirna,siRBench/benchmark/competitors/runs/ensirna-context-sensitivity-v1/original_fold_0_seed_0,/SCRATCH/dtzim01/sirbench-revision-20260921/siRBench/benchmark/competitors/runs/ensirna-context-sensitivity-v1/original_fold_0_seed_0/models/ensirna/version_0/checkpoint/epoch27_step3192.ckpt,13124331,ac39723370e1465be9dde3c032d00a5345bdb15b9e5afa2c82717a9368cc2ff9,False
ensirna,siRBench/benchmark/competitors/runs/ensirna-context-sensitivity-v1/original_fold_0_seed_0,/SCRATCH/dtzim01/sirbench-revision-20260921/siRBench/benchmark/competitors/runs/ensirna-context-sensitivity-v1/original_fold_0_seed_0/models/ensirna/version_0/checkpoint/epoch31_step3648.ckpt,13124331,362ca73e4fcdf0f68daeacdb0feca6a57139d570aaf585a6773173ef0491f0c3,False
ensirna,siRBench/benchmark/competitors/runs/ensirna-context-sensitivity-v1/original_fold_0_seed_0,/SCRATCH/dtzim01/sirbench-revision-20260921/siRBench/benchmark/competitors/runs/ensirna-context-sensitivity-v1/original_fold_0_seed_0/models/ensirna/version_0/checkpoint/epoch33_step3876.ckpt,13124331,9bd455bac67e0a8f30cd4badf3efd012a0cb8ec3ee267d661c512bc2a6ed070d,False
ensirna,siRBench/benchmark/competitors/runs/ensirna-context-sensitivity-v1/original_fold_0_seed_0,/SCRATCH/dtzim01/sirbench-revision-20260921/siRBench/benchmark/competitors/runs/ensirna-context-sensitivity-v1/original_fold_0_seed_0/models/ensirna/version_0/checkpoint/epoch36_step4218.ckpt,13124331,1fb38ec8dbb29373d539bfb29b1597e4deea6c7d81c5247e5a3b47da49bbaa1c,False
ensirna,siRBench/benchmark/competitors/runs/ensirna-context-sensitivity-v1/original_fold_0_seed_0,/SCRATCH/dtzim01/sirbench-revision-20260921/siRBench/benchmark/competitors/runs/ensirna-context-sensitivity-v1/original_fold_0_seed_0/models/ensirna/version_0/checkpoint/epoch44_step5130.ckpt,13124331,2c7782e62ce37eb24b37e73edf95c56c8767b06c00ab96a3a16a29bb1099dd2a,False
ensirna,siRBench/benchmark/competitors/runs/ensirna-context-sensitivity-v1/original_fold_0_seed_0,/SCRATCH/dtzim01/sirbench-revision-20260921/siRBench/benchmark/competitors/runs/ensirna-context-sensitivity-v1/original_fold_0_seed_0/models/ensirna/version_0/events.out.tfevents.1790036227.ae6ff75d60c4.7.0,422328,bd6004c546f948bafd82338630981bc218d3932a303d051245b3a7551169e550,False
ensirna,siRBench/benchmark/competitors/runs/ensirna-context-sensitivity-v1/original_fold_0_seed_1,/SCRATCH/dtzim01/sirbench-revision-20260921/siRBench/benchmark/competitors/runs/ensirna-context-sensitivity-v1/original_fold_0_seed_1/models/ensirna/version_0/checkpoint/epoch10_step1254.ckpt,13124331,805d7159a6f8beeffd2021e9ff0f509abc847a3184fa2eef299d4ef53fdff7b9,False
ensirna,siRBench/benchmark/competitors/runs/ensirna-context-sensitivity-v1/original_fold_0_seed_1,/SCRATCH/dtzim01/sirbench-revision-20260921/siRBench/benchmark/competitors/runs/ensirna-context-sensitivity-v1/original_fold_0_seed_1/models/ensirna/version_0/checkpoint/epoch13_step1596.ckpt,13124331,f528feab3f0e93d03b91e768de8b70b95d4ac7e6f77235b5025498fb5fb2261d,False
ensirna,siRBench/benchmark/competitors/runs/ensirna-context-sensitivity-v1/original_fold_0_seed_1,/SCRATCH/dtzim01/sirbench-revision-20260921/siRBench/benchmark/competitors/runs/ensirna-context-sensitivity-v1/original_fold_0_seed_1/models/ensirna/version_0/checkpoint/epoch14_step1710.ckpt,13124331,4a4a7aad39ecca5feec68114992456790847942730e7769998aef821da65fb71,False
ensirna,siRBench/benchmark/competitors/runs/ensirna-context-sensitivity-v1/original_fold_0_seed_1,/SCRATCH/dtzim01/sirbench-revision-20260921/siRBench/benchmark/competitors/runs/ensirna-context-sensitivity-v1/original_fold_0_seed_1/models/ensirna/version_0/checkpoint/epoch15_step1824.ckpt,13124331,805eb39045a1bb9a43ded2fc41a259d8857e7422e9a74e06bd1180871048f340,False
ensirna,siRBench/benchmark/competitors/runs/ensirna-context-sensitivity-v1/original_fold_0_seed_1,/SCRATCH/dtzim01/sirbench-revision-20260921/siRBench/benchmark/competitors/runs/ensirna-context-sensitivity-v1/original_fold_0_seed_1/models/ensirna/version_0/checkpoint/epoch17_step2052.ckpt,13124331,2b71afd188f53aa70040da640f43cabeeddf6440edf4cebe8e4a6c223daff75c,False
ensirna,siRBench/benchmark/competitors/runs/ensirna-context-sensitivity-v1/original_fold_0_seed_1,/SCRATCH/dtzim01/sirbench-revision-20260921/siRBench/benchmark/competitors/runs/ensirna-context-sensitivity-v1/original_fold_0_seed_1/models/ensirna/version_0/checkpoint/epoch18_step2166.ckpt,13124331,3efb97c4adcb1ceac7d2d95ed00216c9d3afdfcc892164c15e7157235cc7ef49,False
ensirna,siRBench/benchmark/competitors/runs/ensirna-context-sensitivity-v1/original_fold_0_seed_1,/SCRATCH/dtzim01/sirbench-revision-20260921/siRBench/benchmark/competitors/runs/ensirna-context-sensitivity-v1/original_fold_0_seed_1/models/ensirna/version_0/checkpoint/epoch19_step2280.ckpt,13124331,29dc8e767c2b31fd2248780445ddbf356366fe5d065f6c069ba84d168feceb26,False
ensirna,siRBench/benchmark/competitors/runs/ensirna-context-sensitivity-v1/original_fold_0_seed_1,/SCRATCH/dtzim01/sirbench-revision-20260921/siRBench/benchmark/competitors/runs/ensirna-context-sensitivity-v1/original_fold_0_seed_1/models/ensirna/version_0/checkpoint/epoch23_step2736.ckpt,13124331,9e2e6b4dfa93c47093b4275d83201dc7654df47b73520b90d1663818411c2039,False
ensirna,siRBench/benchmark/competitors/runs/ensirna-context-sensitivity-v1/original_fold_0_seed_1,/SCRATCH/dtzim01/sirbench-revision-20260921/siRBench/benchmark/competitors/runs/ensirna-context-sensitivity-v1/original_fold_0_seed_1/models/ensirna/version_0/checkpoint/epoch25_step2964.ckpt,13124331,92e1668e85e946c2c72afcb3c34a76f7d10bd924726cc1ac303d555a4ad90b6b,False
ensirna,siRBench/benchmark/competitors/runs/ensirna-context-sensitivity-v1/original_fold_0_seed_1,/SCRATCH/dtzim01/sirbench-revision-20260921/siRBench/benchmark/competitors/runs/ensirna-context-sensitivity-v1/original_fold_0_seed_1/models/ensirna/version_0/checkpoint/epoch28_step3306.ckpt,13124331,88eaeddc0cb309c00040489f4baf74368e0e5cabb22bab1f03db61d325a346d0,False
ensirna,siRBench/benchmark/competitors/runs/ensirna-context-sensitivity-v1/original_fold_0_seed_1,/SCRATCH/dtzim01/sirbench-revision-20260921/siRBench/benchmark/competitors/runs/ensirna-context-sensitivity-v1/original_fold_0_seed_1/models/ensirna/version_0/events.out.tfevents.1790036227.7ee81c94a31a.7.0,318360,67aec0efb394feb94f92c804f8066d9ba3274751cfd8a364463dfc674293a70a,False
ensirna,siRBench/benchmark/competitors/runs/ensirna-context-sensitivity-v1/original_fold_0_seed_2,/SCRATCH/dtzim01/sirbench-revision-20260921/siRBench/benchmark/competitors/runs/ensirna-context-sensitivity-v1/original_fold_0_seed_2/models/ensirna/version_0/checkpoint/epoch12_step1482.ckpt,13124331,eae372e663186b81b9007f73ef4278e9c7f22190116288638b129a14a448e175,False
ensirna,siRBench/benchmark/competitors/runs/ensirna-context-sensitivity-v1/original_fold_0_seed_2,/SCRATCH/dtzim01/sirbench-revision-20260921/siRBench/benchmark/competitors/runs/ensirna-context-sensitivity-v1/original_fold_0_seed_2/models/ensirna/version_0/checkpoint/epoch13_step1596.ckpt,13124331,082ee2bb8c6c8fcecf6bae2365a34ec089309ec79b29d73ed9e30a513454fcc7,False
ensirna,siRBench/benchmark/competitors/runs/ensirna-context-sensitivity-v1/original_fold_0_seed_2,/SCRATCH/dtzim01/sirbench-revision-20260921/siRBench/benchmark/competitors/runs/ensirna-context-sensitivity-v1/original_fold_0_seed_2/models/ensirna/version_0/checkpoint/epoch17_step2052.ckpt,13124331,7690d7f26b5b6948de5fb3619f7a6bc4e1ed4cdc854566e848a2cf4fc8d36fec,False
ensirna,siRBench/benchmark/competitors/runs/ensirna-context-sensitivity-v1/original_fold_0_seed_2,/SCRATCH/dtzim01/sirbench-revision-20260921/siRBench/benchmark/competitors/runs/ensirna-context-sensitivity-v1/original_fold_0_seed_2/models/ensirna/version_0/checkpoint/epoch19_step2280.ckpt,13124331,c6472db9c1997c24ba9dce8e35ce68f68c8acc3088cca6335a5e6aefc4528fdd,False
ensirna,siRBench/benchmark/competitors/runs/ensirna-context-sensitivity-v1/original_fold_0_seed_2,/SCRATCH/dtzim01/sirbench-revision-20260921/siRBench/benchmark/competitors/runs/ensirna-context-sensitivity-v1/original_fold_0_seed_2/models/ensirna/version_0/checkpoint/epoch30_step3534.ckpt,13124331,dfe3b5c16777b07297f7ecd042c4dd09a96b9535a543d17c7a4c9c70d16d5674,False
ensirna,siRBench/benchmark/competitors/runs/ensirna-context-sensitivity-v1/original_fold_0_seed_2,/SCRATCH/dtzim01/sirbench-revision-20260921/siRBench/benchmark/competitors/runs/ensirna-context-sensitivity-v1/original_fold_0_seed_2/models/ensirna/version_0/checkpoint/epoch31_step3648.ckpt,13124331,77d7fc4af88fd0754ea2e3eb95e54a66f473929b4b48c42478334b8356b1ebef,False
ensirna,siRBench/benchmark/competitors/runs/ensirna-context-sensitivity-v1/original_fold_0_seed_2,/SCRATCH/dtzim01/sirbench-revision-20260921/siRBench/benchmark/competitors/runs/ensirna-context-sensitivity-v1/original_fold_0_seed_2/models/ensirna/version_0/checkpoint/epoch32_step3762.ckpt,13124331,2621bcccb982dfed8d8fa565cfcea701e2eea548a5e0d4c7c0e303fb52150538,False
ensirna,siRBench/benchmark/competitors/runs/ensirna-context-sensitivity-v1/original_fold_0_seed_2,/SCRATCH/dtzim01/sirbench-revision-20260921/siRBench/benchmark/competitors/runs/ensirna-context-sensitivity-v1/original_fold_0_seed_2/models/ensirna/version_0/checkpoint/epoch33_step3876.ckpt,13124331,12b64e2393222ea911e2a75ffb31eab1e05683316ed26cbde7e650b4533e862d,False
ensirna,siRBench/benchmark/competitors/runs/ensirna-context-sensitivity-v1/original_fold_0_seed_2,/SCRATCH/dtzim01/sirbench-revision-20260921/siRBench/benchmark/competitors/runs/ensirna-context-sensitivity-v1/original_fold_0_seed_2/models/ensirna/version_0/checkpoint/epoch37_step4332.ckpt,13124331,55082094d0335024d9e185adc35a96a8d715ed890c6d0cd8d50b9e2347c16cb8,False
ensirna,siRBench/benchmark/competitors/runs/ensirna-context-sensitivity-v1/original_fold_0_seed_2,/SCRATCH/dtzim01/sirbench-revision-20260921/siRBench/benchmark/competitors/runs/ensirna-context-sensitivity-v1/original_fold_0_seed_2/models/ensirna/version_0/checkpoint/epoch48_step5586.ckpt,13124331,7d3dac4a191e4b3967502072b947049ede4caa00be067d07cc51339c766d6c24,False
ensirna,siRBench/benchmark/competitors/runs/ensirna-context-sensitivity-v1/original_fold_0_seed_2,/SCRATCH/dtzim01/sirbench-revision-20260921/siRBench/benchmark/competitors/runs/ensirna-context-sensitivity-v1/original_fold_0_seed_2/models/ensirna/version_0/events.out.tfevents.1790037559.cc67654ed755.7.0,448320,ca7435dfc62dd18b388f492eb92c8291d356b0eb043b01439504f63281d2e3b3,False
ensirna,siRBench/benchmark/competitors/runs/ensirna-context-sensitivity-v1/standardized_fold_0_seed_0,/SCRATCH/dtzim01/sirbench-revision-20260921/siRBench/benchmark/competitors/runs/ensirna-context-sensitivity-v1/standardized_fold_0_seed_0/models/ensirna/version_0/checkpoint/epoch11_step1368.ckpt,13124331,7f5605401f0b9361e5a8e4693438373f5cd8b2f6f93900fe1c74ca47737fc61a,False
ensirna,siRBench/benchmark/competitors/runs/ensirna-context-sensitivity-v1/standardized_fold_0_seed_0,/SCRATCH/dtzim01/sirbench-revision-20260921/siRBench/benchmark/competitors/runs/ensirna-context-sensitivity-v1/standardized_fold_0_seed_0/models/ensirna/version_0/checkpoint/epoch15_step1824.ckpt,13124331,c668dacbb100bf94dce156cfe10442a73572592c201cd0529ea6573fb0c93edb,False
ensirna,siRBench/benchmark/competitors/runs/ensirna-context-sensitivity-v1/standardized_fold_0_seed_0,/SCRATCH/dtzim01/sirbench-revision-20260921/siRBench/benchmark/competitors/runs/ensirna-context-sensitivity-v1/standardized_fold_0_seed_0/models/ensirna/version_0/checkpoint/epoch26_step3078.ckpt,13124331,56b4eefc7752fb1a658b2f35966226066275a231d49eab2dd05eb9d183005200,False
ensirna,siRBench/benchmark/competitors/runs/ensirna-context-sensitivity-v1/standardized_fold_0_seed_0,/SCRATCH/dtzim01/sirbench-revision-20260921/siRBench/benchmark/competitors/runs/ensirna-context-sensitivity-v1/standardized_fold_0_seed_0/models/ensirna/version_0/checkpoint/epoch27_step3192.ckpt,13124331,288c5b23dd036a0a3cae9c81f4aa0fdb830b8a867ae0a948f90534842e9c23a7,False
ensirna,siRBench/benchmark/competitors/runs/ensirna-context-sensitivity-v1/standardized_fold_0_seed_0,/SCRATCH/dtzim01/sirbench-revision-20260921/siRBench/benchmark/competitors/runs/ensirna-context-sensitivity-v1/standardized_fold_0_seed_0/models/ensirna/version_0/checkpoint/epoch33_step3876.ckpt,13124331,fdb42c1bc6589b669c7d1680f698498e365dd3cf7d4f7d0a7c91b5d12f47fa64,False
ensirna,siRBench/benchmark/competitors/runs/ensirna-context-sensitivity-v1/standardized_fold_0_seed_0,/SCRATCH/dtzim01/sirbench-revision-20260921/siRBench/benchmark/competitors/runs/ensirna-context-sensitivity-v1/standardized_fold_0_seed_0/models/ensirna/version_0/checkpoint/epoch36_step4218.ckpt,13124331,9da7857bc0417231ad10e9865009a7f13ffaec90ba7e26382f6d6a68c2cc19a0,False
ensirna,siRBench/benchmark/competitors/runs/ensirna-context-sensitivity-v1/standardized_fold_0_seed_0,/SCRATCH/dtzim01/sirbench-revision-20260921/siRBench/benchmark/competitors/runs/ensirna-context-sensitivity-v1/standardized_fold_0_seed_0/models/ensirna/version_0/checkpoint/epoch3_step456.ckpt,13124121,d23ae7def06851ad2b1a8cbd3aeaba4bb8be941bbd5adcd3fc2a75ecb1f0081f,False
ensirna,siRBench/benchmark/competitors/runs/ensirna-context-sensitivity-v1/standardized_fold_0_seed_0,/SCRATCH/dtzim01/sirbench-revision-20260921/siRBench/benchmark/competitors/runs/ensirna-context-sensitivity-v1/standardized_fold_0_seed_0/models/ensirna/version_0/checkpoint/epoch4_step570.ckpt,13124121,b674a68e0b81a1ba8df8ee26633ad89ee9c1137b65a05e2872ac4d765ade11a3,False
ensirna,siRBench/benchmark/competitors/runs/ensirna-context-sensitivity-v1/standardized_fold_0_seed_0,/SCRATCH/dtzim01/sirbench-revision-20260921/siRBench/benchmark/competitors/runs/ensirna-context-sensitivity-v1/standardized_fold_0_seed_0/models/ensirna/version_0/checkpoint/epoch54_step6270.ckpt,13124331,b5407c34c6ecdaa7c165df0dbdd0d3bbe1a5056c3cebaed9b9b1055fbc938dba,False
ensirna,siRBench/benchmark/competitors/runs/ensirna-context-sensitivity-v1/standardized_fold_0_seed_0,/SCRATCH/dtzim01/sirbench-revision-20260921/siRBench/benchmark/competitors/runs/ensirna-context-sensitivity-v1/standardized_fold_0_seed_0/models/ensirna/version_0/checkpoint/epoch7_step912.ckpt,13124121,ce565d0080c7259e8a809b1c56321e2cd9eb2531ef4f5bd42a007ab61722c4dd,False
ensirna,siRBench/benchmark/competitors/runs/ensirna-context-sensitivity-v1/standardized_fold_0_seed_0,/SCRATCH/dtzim01/sirbench-revision-20260921/siRBench/benchmark/competitors/runs/ensirna-context-sensitivity-v1/standardized_fold_0_seed_0/models/ensirna/version_0/events.out.tfevents.1790036084.2fbe61ff53f4.7.0,487308,28c36b9d67e3d6c8eaa828347049a8dc36bc6bddfb4ff6c60e758fcb9c690ed5,False
ensirna,siRBench/benchmark/competitors/runs/ensirna-context-sensitivity-v1/standardized_fold_0_seed_1,/SCRATCH/dtzim01/sirbench-revision-20260921/siRBench/benchmark/competitors/runs/ensirna-context-sensitivity-v1/standardized_fold_0_seed_1/models/ensirna/version_0/checkpoint/epoch10_step1254.ckpt,13124331,de80bdbeb2e64f16f3593b569ab4eed42238e42392b8b026f03e9b5e734fd596,False
ensirna,siRBench/benchmark/competitors/runs/ensirna-context-sensitivity-v1/standardized_fold_0_seed_1,/SCRATCH/dtzim01/sirbench-revision-20260921/siRBench/benchmark/competitors/runs/ensirna-context-sensitivity-v1/standardized_fold_0_seed_1/models/ensirna/version_0/checkpoint/epoch13_step1596.ckpt,13124331,bf91b3b5e010f58bafcea3b879c88022949394a9907e36c7cff69e806c415261,False
ensirna,siRBench/benchmark/competitors/runs/ensirna-context-sensitivity-v1/standardized_fold_0_seed_1,/SCRATCH/dtzim01/sirbench-revision-20260921/siRBench/benchmark/competitors/runs/ensirna-context-sensitivity-v1/standardized_fold_0_seed_1/models/ensirna/version_0/checkpoint/epoch14_step1710.ckpt,13124331,f0a99df6ad8b3615c4236e104d45b8c10ef184c9ebf1cd7359ab81f104769c3e,False
ensirna,siRBench/benchmark/competitors/runs/ensirna-context-sensitivity-v1/standardized_fold_0_seed_1,/SCRATCH/dtzim01/sirbench-revision-20260921/siRBench/benchmark/competitors/runs/ensirna-context-sensitivity-v1/standardized_fold_0_seed_1/models/ensirna/version_0/checkpoint/epoch15_step1824.ckpt,13124331,dfc3397e02ee80633315e4c7460a8eb5454924cdbc90c2aa7920c701cd222644,False
ensirna,siRBench/benchmark/competitors/runs/ensirna-context-sensitivity-v1/standardized_fold_0_seed_1,/SCRATCH/dtzim01/sirbench-revision-20260921/siRBench/benchmark/competitors/runs/ensirna-context-sensitivity-v1/standardized_fold_0_seed_1/models/ensirna/version_0/checkpoint/epoch17_step2052.ckpt,13124331,5d1e3f3a4e00dbc9f466b042dcd35786258af2670b330a38f5c7aa4351f0f7eb,False
ensirna,siRBench/benchmark/competitors/runs/ensirna-context-sensitivity-v1/standardized_fold_0_seed_1,/SCRATCH/dtzim01/sirbench-revision-20260921/siRBench/benchmark/competitors/runs/ensirna-context-sensitivity-v1/standardized_fold_0_seed_1/models/ensirna/version_0/checkpoint/epoch23_step2736.ckpt,13124331,078aa5efbc120c1f8fa01b143f97b190e69d569b66bc713fffd42b3e1821fdbe,False
ensirna,siRBench/benchmark/competitors/runs/ensirna-context-sensitivity-v1/standardized_fold_0_seed_1,/SCRATCH/dtzim01/sirbench-revision-20260921/siRBench/benchmark/competitors/runs/ensirna-context-sensitivity-v1/standardized_fold_0_seed_1/models/ensirna/version_0/checkpoint/epoch25_step2964.ckpt,13124331,1b490753975b9050800bf6249a5e452ef63fb9ef482cdfd7544e21fbf4434000,False
ensirna,siRBench/benchmark/competitors/runs/ensirna-context-sensitivity-v1/standardized_fold_0_seed_1,/SCRATCH/dtzim01/sirbench-revision-20260921/siRBench/benchmark/competitors/runs/ensirna-context-sensitivity-v1/standardized_fold_0_seed_1/models/ensirna/version_0/checkpoint/epoch28_step3306.ckpt,13124331,e5b8e5e9bfbd6350ae0995613db5aab8a653c91375abbb5d5ac8cca74e5293e5,False
ensirna,siRBench/benchmark/competitors/runs/ensirna-context-sensitivity-v1/standardized_fold_0_seed_1,/SCRATCH/dtzim01/sirbench-revision-20260921/siRBench/benchmark/competitors/runs/ensirna-context-sensitivity-v1/standardized_fold_0_seed_1/models/ensirna/version_0/checkpoint/epoch2_step342.ckpt,13124121,e8aa48c769c711361ecd0596bd852461d18b501038b3751e3a0fccd721b659c0,False
ensirna,siRBench/benchmark/competitors/runs/ensirna-context-sensitivity-v1/standardized_fold_0_seed_1,/SCRATCH/dtzim01/sirbench-revision-20260921/siRBench/benchmark/competitors/runs/ensirna-context-sensitivity-v1/standardized_fold_0_seed_1/models/ensirna/version_0/checkpoint/epoch8_step1026.ckpt,13124226,a33d82daba17dce81775726ccccd12a33955890a7ed04b6940b8a14689d8bca5,False
ensirna,siRBench/benchmark/competitors/runs/ensirna-context-sensitivity-v1/standardized_fold_0_seed_1,/SCRATCH/dtzim01/sirbench-revision-20260921/siRBench/benchmark/competitors/runs/ensirna-context-sensitivity-v1/standardized_fold_0_seed_1/models/ensirna/version_0/events.out.tfevents.1790036085.6ca0f6ce896a.7.0,318360,94fc4bc0316a95f0b2cbfacb0f391501f694829c5b506df2deec42bafd76e00c,False
ensirna,siRBench/benchmark/competitors/runs/ensirna-context-sensitivity-v1/standardized_fold_0_seed_2,/SCRATCH/dtzim01/sirbench-revision-20260921/siRBench/benchmark/competitors/runs/ensirna-context-sensitivity-v1/standardized_fold_0_seed_2/models/ensirna/version_0/checkpoint/epoch13_step1596.ckpt,13124331,e06868b79580f8e35897fac8b64881ed5dabcdba9da21d005c426eccc2e20204,False
ensirna,siRBench/benchmark/competitors/runs/ensirna-context-sensitivity-v1/standardized_fold_0_seed_2,/SCRATCH/dtzim01/sirbench-revision-20260921/siRBench/benchmark/competitors/runs/ensirna-context-sensitivity-v1/standardized_fold_0_seed_2/models/ensirna/version_0/checkpoint/epoch15_step1824.ckpt,13124331,be5400e6443e72435295d57693dc9dddd89505cef46ea4664eb8872cd2d50e0b,False
ensirna,siRBench/benchmark/competitors/runs/ensirna-context-sensitivity-v1/standardized_fold_0_seed_2,/SCRATCH/dtzim01/sirbench-revision-20260921/siRBench/benchmark/competitors/runs/ensirna-context-sensitivity-v1/standardized_fold_0_seed_2/models/ensirna/version_0/checkpoint/epoch18_step2166.ckpt,13124331,4be1fdbbfea98a74337d22ad4053ae846a73e39d1df9ec2a9697a58467343ff1,False
ensirna,siRBench/benchmark/competitors/runs/ensirna-context-sensitivity-v1/standardized_fold_0_seed_2,/SCRATCH/dtzim01/sirbench-revision-20260921/siRBench/benchmark/competitors/runs/ensirna-context-sensitivity-v1/standardized_fold_0_seed_2/models/ensirna/version_0/checkpoint/epoch19_step2280.ckpt,13124331,b88751eb0fa38cdef0ad122ef9d4a0a1351b7ff84e037bf3446c54f93ae9b2a0,False
ensirna,siRBench/benchmark/competitors/runs/ensirna-context-sensitivity-v1/standardized_fold_0_seed_2,/SCRATCH/dtzim01/sirbench-revision-20260921/siRBench/benchmark/competitors/runs/ensirna-context-sensitivity-v1/standardized_fold_0_seed_2/models/ensirna/version_0/checkpoint/epoch20_step2394.ckpt,13124331,ee94b4415087082d00db9a543c1acbbc8f81b55fad266813626539f9c068b974,False
ensirna,siRBench/benchmark/competitors/runs/ensirna-context-sensitivity-v1/standardized_fold_0_seed_2,/SCRATCH/dtzim01/sirbench-revision-20260921/siRBench/benchmark/competitors/runs/ensirna-context-sensitivity-v1/standardized_fold_0_seed_2/models/ensirna/version_0/checkpoint/epoch26_step3078.ckpt,13124331,6cbec519e9123184dc49c466db3d48c8eab913302df620d9ae12f53615e2b3e7,False
ensirna,siRBench/benchmark/competitors/runs/ensirna-context-sensitivity-v1/standardized_fold_0_seed_2,/SCRATCH/dtzim01/sirbench-revision-20260921/siRBench/benchmark/competitors/runs/ensirna-context-sensitivity-v1/standardized_fold_0_seed_2/models/ensirna/version_0/checkpoint/epoch31_step3648.ckpt,13124331,862346fc039223190a3aa9fc245d09483ac02541c5eb760e8b1a66ac64e323df,False
ensirna,siRBench/benchmark/competitors/runs/ensirna-context-sensitivity-v1/standardized_fold_0_seed_2,/SCRATCH/dtzim01/sirbench-revision-20260921/siRBench/benchmark/competitors/runs/ensirna-context-sensitivity-v1/standardized_fold_0_seed_2/models/ensirna/version_0/checkpoint/epoch3_step456.ckpt,13124121,7da0d1c28c7905c58923ba596444cc721fc70e52d47bd15426126ecd147d0094,False
ensirna,siRBench/benchmark/competitors/runs/ensirna-context-sensitivity-v1/standardized_fold_0_seed_2,/SCRATCH/dtzim01/sirbench-revision-20260921/siRBench/benchmark/competitors/runs/ensirna-context-sensitivity-v1/standardized_fold_0_seed_2/models/ensirna/version_0/checkpoint/epoch5_step684.ckpt,13124121,e6421c0494bfc6c3f23c5d3bbfdf0b7ea8067c2d52574d79cd60fb16e6e20cb6,False
ensirna,siRBench/benchmark/competitors/runs/ensirna-context-sensitivity-v1/standardized_fold_0_seed_2,/SCRATCH/dtzim01/sirbench-revision-20260921/siRBench/benchmark/competitors/runs/ensirna-context-sensitivity-v1/standardized_fold_0_seed_2/models/ensirna/version_0/checkpoint/epoch6_step798.ckpt,13124121,ac58e1b42a73d7ee5051ed27f5a502f638a9bc4450a7e5c26658e5692c650ac5,False
ensirna,siRBench/benchmark/competitors/runs/ensirna-context-sensitivity-v1/standardized_fold_0_seed_2,/SCRATCH/dtzim01/sirbench-revision-20260921/siRBench/benchmark/competitors/runs/ensirna-context-sensitivity-v1/standardized_fold_0_seed_2/models/ensirna/version_0/events.out.tfevents.1790037398.732b6ff00eb8.7.0,337854,9726c2198701d9f9e527d5bd7db053ab691edd4f3b5518010639a7b3f817f760,False
ensirna,siRBench/benchmark/competitors/runs/ensirna-main-v1/grouped_fold_0_seed_0,/SCRATCH/dtzim01/sirbench-revision-20260921/siRBench/benchmark/competitors/runs/ensirna-main-v1/grouped_fold_0_seed_0/models/ensirna/version_0/checkpoint/epoch10_step1320.ckpt,13125483,448e45526f7d36fd28ade35a2ba2550b91abf7627a62f70e4925eca9b01a8942,False
ensirna,siRBench/benchmark/competitors/runs/ensirna-main-v1/grouped_fold_0_seed_0,/SCRATCH/dtzim01/sirbench-revision-20260921/siRBench/benchmark/competitors/runs/ensirna-main-v1/grouped_fold_0_seed_0/models/ensirna/version_0/checkpoint/epoch12_step1560.ckpt,13125483,e7d599524d28e3e072450e4fdea6db58ea45b24a94ed4ad4b11ba92b79308726,False
ensirna,siRBench/benchmark/competitors/runs/ensirna-main-v1/grouped_fold_0_seed_0,/SCRATCH/dtzim01/sirbench-revision-20260921/siRBench/benchmark/competitors/runs/ensirna-main-v1/grouped_fold_0_seed_0/models/ensirna/version_0/checkpoint/epoch22_step2760.ckpt,13125483,93b72544f107867912fc3e4f81b098c3ba62d2e2002ef341f7633636d7595577,False
ensirna,siRBench/benchmark/competitors/runs/ensirna-main-v1/grouped_fold_0_seed_0,/SCRATCH/dtzim01/sirbench-revision-20260921/siRBench/benchmark/competitors/runs/ensirna-main-v1/grouped_fold_0_seed_0/models/ensirna/version_0/checkpoint/epoch27_step3360.ckpt,13125483,e81a1ed7c1310399bbc28d0a99d7cd2b03a5b81a64185badc8727366aec254f0,False
ensirna,siRBench/benchmark/competitors/runs/ensirna-main-v1/grouped_fold_0_seed_0,/SCRATCH/dtzim01/sirbench-revision-20260921/siRBench/benchmark/competitors/runs/ensirna-main-v1/grouped_fold_0_seed_0/models/ensirna/version_0/checkpoint/epoch30_step3720.ckpt,13125483,5b484f6a7e419b7f68197c807259923d14fb29852bc2e6cd07e2d7ee323021d4,False
ensirna,siRBench/benchmark/competitors/runs/ensirna-main-v1/grouped_fold_0_seed_0,/SCRATCH/dtzim01/sirbench-revision-20260921/siRBench/benchmark/competitors/runs/ensirna-main-v1/grouped_fold_0_seed_0/models/ensirna/version_0/checkpoint/epoch31_step3840.ckpt,13125483,7f06c08c79e5b65d04baf5cbdc2023c4c1ff2fba6fb24d3181bc0076fd0c1d65,False
ensirna,siRBench/benchmark/competitors/runs/ensirna-main-v1/grouped_fold_0_seed_0,/SCRATCH/dtzim01/sirbench-revision-20260921/siRBench/benchmark/competitors/runs/ensirna-main-v1/grouped_fold_0_seed_0/models/ensirna/version_0/checkpoint/epoch34_step4200.ckpt,13125483,4ed731e0456405686919dcf36ab3f11f11b2b6abe07d99a95078aea1d4e4a712,False
ensirna,siRBench/benchmark/competitors/runs/ensirna-main-v1/grouped_fold_0_seed_0,/SCRATCH/dtzim01/sirbench-revision-20260921/siRBench/benchmark/competitors/runs/ensirna-main-v1/grouped_fold_0_seed_0/models/ensirna/version_0/checkpoint/epoch3_step480.ckpt,13125273,67938123004aad1c901315478d7e51ae1ce877f32fe65c190ac3063848f8a328,False
ensirna,siRBench/benchmark/competitors/runs/ensirna-main-v1/grouped_fold_0_seed_0,/SCRATCH/dtzim01/sirbench-revision-20260921/siRBench/benchmark/competitors/runs/ensirna-main-v1/grouped_fold_0_seed_0/models/ensirna/version_0/checkpoint/epoch5_step720.ckpt,13125273,09ad256a1523ba1b9fc1a3b3f9e644fd63068fd3af1fa8cfb7f819415b311b55,False
ensirna,siRBench/benchmark/competitors/runs/ensirna-main-v1/grouped_fold_0_seed_0,/SCRATCH/dtzim01/sirbench-revision-20260921/siRBench/benchmark/competitors/runs/ensirna-main-v1/grouped_fold_0_seed_0/models/ensirna/version_0/checkpoint/epoch8_step1080.ckpt,13125378,76613e3a3b5286af935754fa8df666ae6723579e2603c952f8a7be676740298d,False
ensirna,siRBench/benchmark/competitors/runs/ensirna-main-v1/grouped_fold_0_seed_0,/SCRATCH/dtzim01/sirbench-revision-20260921/siRBench/benchmark/competitors/runs/ensirna-main-v1/grouped_fold_0_seed_0/models/ensirna/version_0/events.out.tfevents.1790027224.f70f7a847bff.52.0,376158,b0dfef9d408eab7fdaa94515f7750311fa92fe09901edff4057b801232a9b43e,False
ensirna,siRBench/benchmark/competitors/runs/ensirna-main-v1/grouped_fold_0_seed_1,/SCRATCH/dtzim01/sirbench-revision-20260921/siRBench/benchmark/competitors/runs/ensirna-main-v1/grouped_fold_0_seed_1/models/ensirna/version_0/checkpoint/epoch11_step1440.ckpt,13125483,ffca4e411d7c5bb065c08fd336d6ee06d1b6e6f100c21b66d242983dbfec41d9,False
ensirna,siRBench/benchmark/competitors/runs/ensirna-main-v1/grouped_fold_0_seed_1,/SCRATCH/dtzim01/sirbench-revision-20260921/siRBench/benchmark/competitors/runs/ensirna-main-v1/grouped_fold_0_seed_1/models/ensirna/version_0/checkpoint/epoch13_step1680.ckpt,13125483,fab2a15d20ab24494f01ef09f925964358263b83a0757a0a33e95deb959a492c,False
ensirna,siRBench/benchmark/competitors/runs/ensirna-main-v1/grouped_fold_0_seed_1,/SCRATCH/dtzim01/sirbench-revision-20260921/siRBench/benchmark/competitors/runs/ensirna-main-v1/grouped_fold_0_seed_1/models/ensirna/version_0/checkpoint/epoch15_step1920.ckpt,13125483,be2acd8109c0ae4fa33c1707d547716439a1b5f4c8c0c4d5aadde803123fcf19,False
ensirna,siRBench/benchmark/competitors/runs/ensirna-main-v1/grouped_fold_0_seed_1,/SCRATCH/dtzim01/sirbench-revision-20260921/siRBench/benchmark/competitors/runs/ensirna-main-v1/grouped_fold_0_seed_1/models/ensirna/version_0/checkpoint/epoch16_step2040.ckpt,13125483,ebc0a5da802066292aa00c8653a8c0d27e2e241b29e2da7792800e0e9dddcadc,False
ensirna,siRBench/benchmark/competitors/runs/ensirna-main-v1/grouped_fold_0_seed_1,/SCRATCH/dtzim01/sirbench-revision-20260921/siRBench/benchmark/competitors/runs/ensirna-main-v1/grouped_fold_0_seed_1/models/ensirna/version_0/checkpoint/epoch17_step2160.ckpt,13125483,30b0502751a61ebce18ce274944708206bbb74731043a36a150eb6f8a7343d06,False
ensirna,siRBench/benchmark/competitors/runs/ensirna-main-v1/grouped_fold_0_seed_1,/SCRATCH/dtzim01/sirbench-revision-20260921/siRBench/benchmark/competitors/runs/ensirna-main-v1/grouped_fold_0_seed_1/models/ensirna/version_0/checkpoint/epoch19_step2400.ckpt,13125483,d6817c5b1f5edd69669fc5e5457e429cedd1121635a5e4861ea3f591981320c3,False
ensirna,siRBench/benchmark/competitors/runs/ensirna-main-v1/grouped_fold_0_seed_1,/SCRATCH/dtzim01/sirbench-revision-20260921/siRBench/benchmark/competitors/runs/ensirna-main-v1/grouped_fold_0_seed_1/models/ensirna/version_0/checkpoint/epoch22_step2760.ckpt,13125483,ccf7c65c2e2a095d80a54a1cd1e27fb41fa7def7c3ae92ee8d44134dba5a2bc6,False
ensirna,siRBench/benchmark/competitors/runs/ensirna-main-v1/grouped_fold_0_seed_1,/SCRATCH/dtzim01/sirbench-revision-20260921/siRBench/benchmark/competitors/runs/ensirna-main-v1/grouped_fold_0_seed_1/models/ensirna/version_0/checkpoint/epoch37_step4560.ckpt,13125483,97118c595f01e42764f798b7c6a9484a3b32ca8a77157252c9f057ae1428c012,False
ensirna,siRBench/benchmark/competitors/runs/ensirna-main-v1/grouped_fold_0_seed_1,/SCRATCH/dtzim01/sirbench-revision-20260921/siRBench/benchmark/competitors/runs/ensirna-main-v1/grouped_fold_0_seed_1/models/ensirna/version_0/checkpoint/epoch49_step6000.ckpt,13125483,d5c3b61cb142590ad3adff5b971207469399e61aa7b3c7887848e7a03b03e54c,False
ensirna,siRBench/benchmark/competitors/runs/ensirna-main-v1/grouped_fold_0_seed_1,/SCRATCH/dtzim01/sirbench-revision-20260921/siRBench/benchmark/competitors/runs/ensirna-main-v1/grouped_fold_0_seed_1/models/ensirna/version_0/checkpoint/epoch6_step840.ckpt,13125273,4eaa29b09c199c088b25b13501c8c595f60b0fb207981dc04aaf08e613e00bba,False
ensirna,siRBench/benchmark/competitors/runs/ensirna-main-v1/grouped_fold_0_seed_1,/SCRATCH/dtzim01/sirbench-revision-20260921/siRBench/benchmark/competitors/runs/ensirna-main-v1/grouped_fold_0_seed_1/models/ensirna/version_0/events.out.tfevents.1790027223.7ca52ac83a83.51.0,478758,96d0310228a47cbe5ffb04332f8e14f034f10be3035e9da8748c4f76fb6013c3,False
ensirna,siRBench/benchmark/competitors/runs/ensirna-main-v1/grouped_fold_0_seed_2,/SCRATCH/dtzim01/sirbench-revision-20260921/siRBench/benchmark/competitors/runs/ensirna-main-v1/grouped_fold_0_seed_2/models/ensirna/version_0/checkpoint/epoch10_step1320.ckpt,13125483,c4d010e94cd1e59c8f671b2dcb75135fc57834e8b7ef221abcb1382898e60ce0,False
ensirna,siRBench/benchmark/competitors/runs/ensirna-main-v1/grouped_fold_0_seed_2,/SCRATCH/dtzim01/sirbench-revision-20260921/siRBench/benchmark/competitors/runs/ensirna-main-v1/grouped_fold_0_seed_2/models/ensirna/version_0/checkpoint/epoch12_step1560.ckpt,13125483,5b766c220d2458d32240349cee0e941e2ed620da5eece3e8ecc74c28554987a4,False
ensirna,siRBench/benchmark/competitors/runs/ensirna-main-v1/grouped_fold_0_seed_2,/SCRATCH/dtzim01/sirbench-revision-20260921/siRBench/benchmark/competitors/runs/ensirna-main-v1/grouped_fold_0_seed_2/models/ensirna/version_0/checkpoint/epoch16_step2040.ckpt,13125483,d713e6e252f931fe5bd3eff527221bdd2e67d5b1555e4a22d7c24a78b8dbe0fb,False
ensirna,siRBench/benchmark/competitors/runs/ensirna-main-v1/grouped_fold_0_seed_2,/SCRATCH/dtzim01/sirbench-revision-20260921/siRBench/benchmark/competitors/runs/ensirna-main-v1/grouped_fold_0_seed_2/models/ensirna/version_0/checkpoint/epoch17_step2160.ckpt,13125483,73deb6f5c2856c21041191b1497ccacf8c85055cb228fc6a2397bc2f7d797e49,False
ensirna,siRBench/benchmark/competitors/runs/ensirna-main-v1/grouped_fold_0_seed_2,/SCRATCH/dtzim01/sirbench-revision-20260921/siRBench/benchmark/competitors/runs/ensirna-main-v1/grouped_fold_0_seed_2/models/ensirna/version_0/checkpoint/epoch18_step2280.ckpt,13125483,2aa13f8eb9aecbc23beeaf3183cb54fc3dc902382047f5ce45e819d6226f198a,False
ensirna,siRBench/benchmark/competitors/runs/ensirna-main-v1/grouped_fold_0_seed_2,/SCRATCH/dtzim01/sirbench-revision-20260921/siRBench/benchmark/competitors/runs/ensirna-main-v1/grouped_fold_0_seed_2/models/ensirna/version_0/checkpoint/epoch20_step2520.ckpt,13125483,93af0a8ce16e9dba6ef5ff4842af0a33d01ad940e99d226ed4a08c600527df8c,False
ensirna,siRBench/benchmark/competitors/runs/ensirna-main-v1/grouped_fold_0_seed_2,/SCRATCH/dtzim01/sirbench-revision-20260921/siRBench/benchmark/competitors/runs/ensirna-main-v1/grouped_fold_0_seed_2/models/ensirna/version_0/checkpoint/epoch21_step2640.ckpt,13125483,41b85f01ade9382314d59820bd8cd377ce81293749d004d741b8a176847981e1,False
ensirna,siRBench/benchmark/competitors/runs/ensirna-main-v1/grouped_fold_0_seed_2,/SCRATCH/dtzim01/sirbench-revision-20260921/siRBench/benchmark/competitors/runs/ensirna-main-v1/grouped_fold_0_seed_2/models/ensirna/version_0/checkpoint/epoch22_step2760.ckpt,13125483,e387486dbe835be241fb542f2eed9cdee5490832fbd95d8e1a51454c5ffcfb89,False
ensirna,siRBench/benchmark/competitors/runs/ensirna-main-v1/grouped_fold_0_seed_2,/SCRATCH/dtzim01/sirbench-revision-20260921/siRBench/benchmark/competitors/runs/ensirna-main-v1/grouped_fold_0_seed_2/models/ensirna/version_0/checkpoint/epoch25_step3120.ckpt,13125483,7f4fc071a28b551c62f712e69432bc0482bb204186248774fc9981c196843592,False
ensirna,siRBench/benchmark/competitors/runs/ensirna-main-v1/grouped_fold_0_seed_2,/SCRATCH/dtzim01/sirbench-revision-20260921/siRBench/benchmark/competitors/runs/ensirna-main-v1/grouped_fold_0_seed_2/models/ensirna/version_0/checkpoint/epoch3_step480.ckpt,13125273,f8ea1eea54afdc726ba5fa1614e30ecabfe482ef7dc0b87b38e90a6d5d4eaacf,False
ensirna,siRBench/benchmark/competitors/runs/ensirna-main-v1/grouped_fold_0_seed_2,/SCRATCH/dtzim01/sirbench-revision-20260921/siRBench/benchmark/competitors/runs/ensirna-main-v1/grouped_fold_0_seed_2/models/ensirna/version_0/events.out.tfevents.1790028916.963c69c7cfde.51.0,314598,45b5c790363c91307f6cc6b8b4cca012b56ca5e72b8c8beb987bf1270885b69c,False
ensirna,siRBench/benchmark/competitors/runs/ensirna-main-v1/grouped_fold_1_seed_0,/SCRATCH/dtzim01/sirbench-revision-20260921/siRBench/benchmark/competitors/runs/ensirna-main-v1/grouped_fold_1_seed_0/models/ensirna/version_0/checkpoint/epoch16_step2074.ckpt,13124331,a3a52f5ede94f427457f00d320bc86c5210a9e13fd5b648c4be3fca18b218c0f,False
ensirna,siRBench/benchmark/competitors/runs/ensirna-main-v1/grouped_fold_1_seed_0,/SCRATCH/dtzim01/sirbench-revision-20260921/siRBench/benchmark/competitors/runs/ensirna-main-v1/grouped_fold_1_seed_0/models/ensirna/version_0/checkpoint/epoch17_step2196.ckpt,13124331,b937b315dca0cf0701ac022f52cf5e5b27b155f0fcdd04f65c50b06b4506f742,False
ensirna,siRBench/benchmark/competitors/runs/ensirna-main-v1/grouped_fold_1_seed_0,/SCRATCH/dtzim01/sirbench-revision-20260921/siRBench/benchmark/competitors/runs/ensirna-main-v1/grouped_fold_1_seed_0/models/ensirna/version_0/checkpoint/epoch21_step2684.ckpt,13124331,08e376afbccca7680fa685e8a2c695e2335a303423e29442496a3fee4b9047bc,False
ensirna,siRBench/benchmark/competitors/runs/ensirna-main-v1/grouped_fold_1_seed_0,/SCRATCH/dtzim01/sirbench-revision-20260921/siRBench/benchmark/competitors/runs/ensirna-main-v1/grouped_fold_1_seed_0/models/ensirna/version_0/checkpoint/epoch23_step2928.ckpt,13124331,7264e5c03014bc79004a93aabdca4e4305d034034ce4887a865fd2a61b0d57e7,False
ensirna,siRBench/benchmark/competitors/runs/ensirna-main-v1/grouped_fold_1_seed_0,/SCRATCH/dtzim01/sirbench-revision-20260921/siRBench/benchmark/competitors/runs/ensirna-main-v1/grouped_fold_1_seed_0/models/ensirna/version_0/checkpoint/epoch25_step3172.ckpt,13124331,c89cf1da281ab5bd13fc3f65ed4e3a8f6b3e3634f06b0f4b3622d39961cc75d6,False
ensirna,siRBench/benchmark/competitors/runs/ensirna-main-v1/grouped_fold_1_seed_0,/SCRATCH/dtzim01/sirbench-revision-20260921/siRBench/benchmark/competitors/runs/ensirna-main-v1/grouped_fold_1_seed_0/models/ensirna/version_0/checkpoint/epoch33_step4148.ckpt,13124331,dc176e6f53625c92f943b56c0c9ea2c5f2ceee44967661aa8ec1000632584922,False
ensirna,siRBench/benchmark/competitors/runs/ensirna-main-v1/grouped_fold_1_seed_0,/SCRATCH/dtzim01/sirbench-revision-20260921/siRBench/benchmark/competitors/runs/ensirna-main-v1/grouped_fold_1_seed_0/models/ensirna/version_0/checkpoint/epoch35_step4392.ckpt,13124331,a6048a262152b92561f57d7271e6691cc890ebb731f9096ba35932e97de55c12,False
ensirna,siRBench/benchmark/competitors/runs/ensirna-main-v1/grouped_fold_1_seed_0,/SCRATCH/dtzim01/sirbench-revision-20260921/siRBench/benchmark/competitors/runs/ensirna-main-v1/grouped_fold_1_seed_0/models/ensirna/version_0/checkpoint/epoch45_step5612.ckpt,13124331,6ffee0e2ee0a1091287aa2be0b6e1ff045d6fa346a4adbea4e619fc1c3f658c5,False
ensirna,siRBench/benchmark/competitors/runs/ensirna-main-v1/grouped_fold_1_seed_0,/SCRATCH/dtzim01/sirbench-revision-20260921/siRBench/benchmark/competitors/runs/ensirna-main-v1/grouped_fold_1_seed_0/models/ensirna/version_0/checkpoint/epoch6_step854.ckpt,13124121,c85032b4d94c1e22a414e5357b1052c7828dc0589bc2d3ef4f151acc0268d77c,False
ensirna,siRBench/benchmark/competitors/runs/ensirna-main-v1/grouped_fold_1_seed_0,/SCRATCH/dtzim01/sirbench-revision-20260921/siRBench/benchmark/competitors/runs/ensirna-main-v1/grouped_fold_1_seed_0/models/ensirna/version_0/checkpoint/epoch8_step1098.ckpt,13124226,2267f4b7b6a80ae08915285864d86cc28c64588a4867047245e85eb04c3f192e,False
ensirna,siRBench/benchmark/competitors/runs/ensirna-main-v1/grouped_fold_1_seed_0,/SCRATCH/dtzim01/sirbench-revision-20260921/siRBench/benchmark/competitors/runs/ensirna-main-v1/grouped_fold_1_seed_0/models/ensirna/version_0/events.out.tfevents.1790029247.84935d13f072.50.0,458922,9681e07732c0b81d3c38f4f7e1b8a9e29f7fd2e0405e9baef0d93d73af1ce333,False
ensirna,siRBench/benchmark/competitors/runs/ensirna-main-v1/grouped_fold_1_seed_1,/SCRATCH/dtzim01/sirbench-revision-20260921/siRBench/benchmark/competitors/runs/ensirna-main-v1/grouped_fold_1_seed_1/models/ensirna/version_0/checkpoint/epoch0_step122.ckpt,13124121,4a681cae99612026efdc4a54d3289f42ac696a232f59fb1ab105fed4820a623b,False
ensirna,siRBench/benchmark/competitors/runs/ensirna-main-v1/grouped_fold_1_seed_1,/SCRATCH/dtzim01/sirbench-revision-20260921/siRBench/benchmark/competitors/runs/ensirna-main-v1/grouped_fold_1_seed_1/models/ensirna/version_0/checkpoint/epoch14_step1830.ckpt,13124331,58c722a2e8d8dcec2c590e72d77ecddb6ad65a00f9f85d6623239bf155b92668,False
ensirna,siRBench/benchmark/competitors/runs/ensirna-main-v1/grouped_fold_1_seed_1,/SCRATCH/dtzim01/sirbench-revision-20260921/siRBench/benchmark/competitors/runs/ensirna-main-v1/grouped_fold_1_seed_1/models/ensirna/version_0/checkpoint/epoch15_step1952.ckpt,13124331,49e98e945ead02cc4afbf00f6f2a138b7c1cd120d29926888d9f628179de4035,False
ensirna,siRBench/benchmark/competitors/runs/ensirna-main-v1/grouped_fold_1_seed_1,/SCRATCH/dtzim01/sirbench-revision-20260921/siRBench/benchmark/competitors/runs/ensirna-main-v1/grouped_fold_1_seed_1/models/ensirna/version_0/checkpoint/epoch20_step2562.ckpt,13124331,9dcb204ab5e92390d88b383bde6a0683cbee67d6c4a41110a718a82d1bac4aca,False
ensirna,siRBench/benchmark/competitors/runs/ensirna-main-v1/grouped_fold_1_seed_1,/SCRATCH/dtzim01/sirbench-revision-20260921/siRBench/benchmark/competitors/runs/ensirna-main-v1/grouped_fold_1_seed_1/models/ensirna/version_0/checkpoint/epoch27_step3416.ckpt,13124331,031a79792ce3a8f8febd04e2bf3f4080566ca374fd80c037cebf96d535c2f5c8,False
ensirna,siRBench/benchmark/competitors/runs/ensirna-main-v1/grouped_fold_1_seed_1,/SCRATCH/dtzim01/sirbench-revision-20260921/siRBench/benchmark/competitors/runs/ensirna-main-v1/grouped_fold_1_seed_1/models/ensirna/version_0/checkpoint/epoch28_step3538.ckpt,13124331,75dcf569de52c4622b091104b950c5b77aa23ed88cd4701c66582b601336015d,False
ensirna,siRBench/benchmark/competitors/runs/ensirna-main-v1/grouped_fold_1_seed_1,/SCRATCH/dtzim01/sirbench-revision-20260921/siRBench/benchmark/competitors/runs/ensirna-main-v1/grouped_fold_1_seed_1/models/ensirna/version_0/checkpoint/epoch37_step4636.ckpt,13124331,4126582b7a673fb90ef1d214e5d42c6af9b90c7f4766d1f3d92f35dd1f83ea7d,False
ensirna,siRBench/benchmark/competitors/runs/ensirna-main-v1/grouped_fold_1_seed_1,/SCRATCH/dtzim01/sirbench-revision-20260921/siRBench/benchmark/competitors/runs/ensirna-main-v1/grouped_fold_1_seed_1/models/ensirna/version_0/checkpoint/epoch3_step488.ckpt,13124121,8c172aa0364f1bb3cf8e4256d89903ef004ca20404632a11e36e2769cd32da9e,False
ensirna,siRBench/benchmark/competitors/runs/ensirna-main-v1/grouped_fold_1_seed_1,/SCRATCH/dtzim01/sirbench-revision-20260921/siRBench/benchmark/competitors/runs/ensirna-main-v1/grouped_fold_1_seed_1/models/ensirna/version_0/checkpoint/epoch6_step854.ckpt,13124121,3e77086ce5bdaf7c25a21c900d1d9c5f74854f3c7023eadb1fd9ac052068c29b,False
ensirna,siRBench/benchmark/competitors/runs/ensirna-main-v1/grouped_fold_1_seed_1,/SCRATCH/dtzim01/sirbench-revision-20260921/siRBench/benchmark/competitors/runs/ensirna-main-v1/grouped_fold_1_seed_1/models/ensirna/version_0/checkpoint/epoch9_step1220.ckpt,13124226,cb73f108be072ddbd8b8cb48ea324a48405ee6fd0e77cdfa172d90dce701f060,False
ensirna,siRBench/benchmark/competitors/runs/ensirna-main-v1/grouped_fold_1_seed_1,/SCRATCH/dtzim01/sirbench-revision-20260921/siRBench/benchmark/competitors/runs/ensirna-main-v1/grouped_fold_1_seed_1/models/ensirna/version_0/events.out.tfevents.1790030208.04fe67eb496d.51.0,403290,be91a9c39065913df864e9aa38f6dcd64d9503c55182dddba4b4cb310879b580,False
ensirna,siRBench/benchmark/competitors/runs/ensirna-main-v1/grouped_fold_1_seed_2,/SCRATCH/dtzim01/sirbench-revision-20260921/siRBench/benchmark/competitors/runs/ensirna-main-v1/grouped_fold_1_seed_2/models/ensirna/version_0/checkpoint/epoch12_step1586.ckpt,13124331,720f7688f71506f07fe93aefcc373f8b1e4664274b3fc025a4832b0bba70c721,False
ensirna,siRBench/benchmark/competitors/runs/ensirna-main-v1/grouped_fold_1_seed_2,/SCRATCH/dtzim01/sirbench-revision-20260921/siRBench/benchmark/competitors/runs/ensirna-main-v1/grouped_fold_1_seed_2/models/ensirna/version_0/checkpoint/epoch16_step2074.ckpt,13124331,2b6d149204160a5266397ed455dd466a4c57e1e48602c5f933c5f2815e489b06,False
ensirna,siRBench/benchmark/competitors/runs/ensirna-main-v1/grouped_fold_1_seed_2,/SCRATCH/dtzim01/sirbench-revision-20260921/siRBench/benchmark/competitors/runs/ensirna-main-v1/grouped_fold_1_seed_2/models/ensirna/version_0/checkpoint/epoch18_step2318.ckpt,13124331,83ba7de6595228662aabaff2f79ec5e20a99a7f137a1b45ba42280c3372dd0a2,False
ensirna,siRBench/benchmark/competitors/runs/ensirna-main-v1/grouped_fold_1_seed_2,/SCRATCH/dtzim01/sirbench-revision-20260921/siRBench/benchmark/competitors/runs/ensirna-main-v1/grouped_fold_1_seed_2/models/ensirna/version_0/checkpoint/epoch1_step244.ckpt,13124121,7cebfc2ac309da7d6d3d604d53cb05cba9be992d6531441df4d1ec599b9170ca,False
ensirna,siRBench/benchmark/competitors/runs/ensirna-main-v1/grouped_fold_1_seed_2,/SCRATCH/dtzim01/sirbench-revision-20260921/siRBench/benchmark/competitors/runs/ensirna-main-v1/grouped_fold_1_seed_2/models/ensirna/version_0/checkpoint/epoch22_step2806.ckpt,13124331,32250f85788779f8f14d703d0d42b676d1ece069c4cbd313483f0c0e66156251,False
ensirna,siRBench/benchmark/competitors/runs/ensirna-main-v1/grouped_fold_1_seed_2,/SCRATCH/dtzim01/sirbench-revision-20260921/siRBench/benchmark/competitors/runs/ensirna-main-v1/grouped_fold_1_seed_2/models/ensirna/version_0/checkpoint/epoch25_step3172.ckpt,13124331,f804d0eb68c580624cacdaa2546a1c1f92daf24e85a7da63435ef2edf0841342,False
ensirna,siRBench/benchmark/competitors/runs/ensirna-main-v1/grouped_fold_1_seed_2,/SCRATCH/dtzim01/sirbench-revision-20260921/siRBench/benchmark/competitors/runs/ensirna-main-v1/grouped_fold_1_seed_2/models/ensirna/version_0/checkpoint/epoch26_step3294.ckpt,13124331,0ad943e2262215e6088ea314611f39415c203ebb27ccb36102197780dcadc3f4,False
ensirna,siRBench/benchmark/competitors/runs/ensirna-main-v1/grouped_fold_1_seed_2,/SCRATCH/dtzim01/sirbench-revision-20260921/siRBench/benchmark/competitors/runs/ensirna-main-v1/grouped_fold_1_seed_2/models/ensirna/version_0/checkpoint/epoch27_step3416.ckpt,13124331,35a8f148afd1a8a21fe7c4d88e683efe3a9ed60e6ed2bbd238d337f1824a3132,False
ensirna,siRBench/benchmark/competitors/runs/ensirna-main-v1/grouped_fold_1_seed_2,/SCRATCH/dtzim01/sirbench-revision-20260921/siRBench/benchmark/competitors/runs/ensirna-main-v1/grouped_fold_1_seed_2/models/ensirna/version_0/checkpoint/epoch2_step366.ckpt,13124121,495071a614cad4080e69a9693ca30d85877833dc32535b1b32899e500ad4eb02,False
ensirna,siRBench/benchmark/competitors/runs/ensirna-main-v1/grouped_fold_1_seed_2,/SCRATCH/dtzim01/sirbench-revision-20260921/siRBench/benchmark/competitors/runs/ensirna-main-v1/grouped_fold_1_seed_2/models/ensirna/version_0/checkpoint/epoch30_step3782.ckpt,13124331,6c34fb2958376d6ed822878f1182ec8efdfadab9fdca29047f56a0d65e81916d,False
ensirna,siRBench/benchmark/competitors/runs/ensirna-main-v1/grouped_fold_1_seed_2,/SCRATCH/dtzim01/sirbench-revision-20260921/siRBench/benchmark/competitors/runs/ensirna-main-v1/grouped_fold_1_seed_2/models/ensirna/version_0/events.out.tfevents.1790031107.36c812587ecf.51.0,354612,219beda29f5f6dd852f5e3c5194dd84b4d9241a2c8dd49f57fa44d392963f867,False
ensirna,siRBench/benchmark/competitors/runs/ensirna-main-v1/grouped_fold_2_seed_0,/SCRATCH/dtzim01/sirbench-revision-20260921/siRBench/benchmark/competitors/runs/ensirna-main-v1/grouped_fold_2_seed_0/models/ensirna/version_0/checkpoint/epoch0_step126.ckpt,13124761,4075937adc9f3770a08e79d878292b24237a95cad11549432947491eef232863,False
ensirna,siRBench/benchmark/competitors/runs/ensirna-main-v1/grouped_fold_2_seed_0,/SCRATCH/dtzim01/sirbench-revision-20260921/siRBench/benchmark/competitors/runs/ensirna-main-v1/grouped_fold_2_seed_0/models/ensirna/version_0/checkpoint/epoch13_step1764.ckpt,13124971,7854689de931df983f1f786bd7c12950b762010d00d4b85ac78b67f4f045c9b6,False
ensirna,siRBench/benchmark/competitors/runs/ensirna-main-v1/grouped_fold_2_seed_0,/SCRATCH/dtzim01/sirbench-revision-20260921/siRBench/benchmark/competitors/runs/ensirna-main-v1/grouped_fold_2_seed_0/models/ensirna/version_0/checkpoint/epoch14_step1890.ckpt,13124971,0bcdf1c4375c0caaa6ca504b6ed18f460d4c14ac98b61e4c99767b439f4ae46f,False
ensirna,siRBench/benchmark/competitors/runs/ensirna-main-v1/grouped_fold_2_seed_0,/SCRATCH/dtzim01/sirbench-revision-20260921/siRBench/benchmark/competitors/runs/ensirna-main-v1/grouped_fold_2_seed_0/models/ensirna/version_0/checkpoint/epoch1_step252.ckpt,13124761,08291204ac45ea8eb13e3b59b16ce2b88a2df4943c9f91499b33f134b61d4e97,False
ensirna,siRBench/benchmark/competitors/runs/ensirna-main-v1/grouped_fold_2_seed_0,/SCRATCH/dtzim01/sirbench-revision-20260921/siRBench/benchmark/competitors/runs/ensirna-main-v1/grouped_fold_2_seed_0/models/ensirna/version_0/checkpoint/epoch23_step3024.ckpt,13124971,50a9c69347b8bc55d881d3a7b84504f16a893a5c54f6d0eb3b4224db80cbdbfa,False
ensirna,siRBench/benchmark/competitors/runs/ensirna-main-v1/grouped_fold_2_seed_0,/SCRATCH/dtzim01/sirbench-revision-20260921/siRBench/benchmark/competitors/runs/ensirna-main-v1/grouped_fold_2_seed_0/models/ensirna/version_0/checkpoint/epoch27_step3528.ckpt,13124971,17e42d2a49133b490043422fcd322ef3e7187d1a057cc4392bc1929b0a3fa7cf,False
ensirna,siRBench/benchmark/competitors/runs/ensirna-main-v1/grouped_fold_2_seed_0,/SCRATCH/dtzim01/sirbench-revision-20260921/siRBench/benchmark/competitors/runs/ensirna-main-v1/grouped_fold_2_seed_0/models/ensirna/version_0/checkpoint/epoch3_step504.ckpt,13124761,35725e3316f79fa5804257524341e0db11f43cb744e13bc5cdec551ffd3496f5,False
ensirna,siRBench/benchmark/competitors/runs/ensirna-main-v1/grouped_fold_2_seed_0,/SCRATCH/dtzim01/sirbench-revision-20260921/siRBench/benchmark/competitors/runs/ensirna-main-v1/grouped_fold_2_seed_0/models/ensirna/version_0/checkpoint/epoch9_step1260.ckpt,13124866,36ee843645cc21afe0f3cb66c7eb22d4337cf45bcf1c1ee787b20359dfb1551f,False
ensirna,siRBench/benchmark/competitors/runs/ensirna-main-v1/grouped_fold_2_seed_0,/SCRATCH/dtzim01/sirbench-revision-20260921/siRBench/benchmark/competitors/runs/ensirna-main-v1/grouped_fold_2_seed_0/models/ensirna/version_0/events.out.tfevents.1790027207.6b3b666cba5c.6.0,344694,48eca209308f7a7f76c3b07f3a2c5817508263294560f632a2e08f43e357c26d,False
ensirna,siRBench/benchmark/competitors/runs/ensirna-main-v1/grouped_fold_2_seed_1,/SCRATCH/dtzim01/sirbench-revision-20260921/siRBench/benchmark/competitors/runs/ensirna-main-v1/grouped_fold_2_seed_1/models/ensirna/version_0/checkpoint/epoch0_step126.ckpt,13124761,62a1f77a7a1090fabe616569add7d9d98095bbaf41ca84fe9c0fb6feda48ea8d,False
ensirna,siRBench/benchmark/competitors/runs/ensirna-main-v1/grouped_fold_2_seed_1,/SCRATCH/dtzim01/sirbench-revision-20260921/siRBench/benchmark/competitors/runs/ensirna-main-v1/grouped_fold_2_seed_1/models/ensirna/version_0/checkpoint/epoch12_step1638.ckpt,13124971,5dcd6ad8eb9a5174fe8419bfd71a67196521ee3a606f270493ab0650dfba2f44,False
ensirna,siRBench/benchmark/competitors/runs/ensirna-main-v1/grouped_fold_2_seed_1,/SCRATCH/dtzim01/sirbench-revision-20260921/siRBench/benchmark/competitors/runs/ensirna-main-v1/grouped_fold_2_seed_1/models/ensirna/version_0/checkpoint/epoch16_step2142.ckpt,13124971,1d7e5fba5ce3233f00f858a9cce156d6281555c3d8bf35e0290250a4b9210933,False
ensirna,siRBench/benchmark/competitors/runs/ensirna-main-v1/grouped_fold_2_seed_1,/SCRATCH/dtzim01/sirbench-revision-20260921/siRBench/benchmark/competitors/runs/ensirna-main-v1/grouped_fold_2_seed_1/models/ensirna/version_0/checkpoint/epoch17_step2268.ckpt,13124971,5e8d893e4dbe21fa74f99ebdcff8e3d3ff53cd0fb18aea085c6ed5944d0bba6c,False
ensirna,siRBench/benchmark/competitors/runs/ensirna-main-v1/grouped_fold_2_seed_1,/SCRATCH/dtzim01/sirbench-revision-20260921/siRBench/benchmark/competitors/runs/ensirna-main-v1/grouped_fold_2_seed_1/models/ensirna/version_0/checkpoint/epoch19_step2520.ckpt,13124971,49e4978e08d573b8a9035c1e3063e7a128df79001abb6d1618d83404510fcb6c,False
ensirna,siRBench/benchmark/competitors/runs/ensirna-main-v1/grouped_fold_2_seed_1,/SCRATCH/dtzim01/sirbench-revision-20260921/siRBench/benchmark/competitors/runs/ensirna-main-v1/grouped_fold_2_seed_1/models/ensirna/version_0/checkpoint/epoch1_step252.ckpt,13124761,4b67b54eacf988a78bb866bd898b87a9ea9e39e8399968fb0f9d18a4ebfd4bde,False
ensirna,siRBench/benchmark/competitors/runs/ensirna-main-v1/grouped_fold_2_seed_1,/SCRATCH/dtzim01/sirbench-revision-20260921/siRBench/benchmark/competitors/runs/ensirna-main-v1/grouped_fold_2_seed_1/models/ensirna/version_0/checkpoint/epoch25_step3276.ckpt,13124971,a6449fb2601c8b555a877d90ccd63ffafe52e2a940967a5c28232d099190369f,False
ensirna,siRBench/benchmark/competitors/runs/ensirna-main-v1/grouped_fold_2_seed_1,/SCRATCH/dtzim01/sirbench-revision-20260921/siRBench/benchmark/competitors/runs/ensirna-main-v1/grouped_fold_2_seed_1/models/ensirna/version_0/checkpoint/epoch2_step378.ckpt,13124761,24e307ad4eef19328b878a3b92f60ba347a502019a0f4c47df5e59cb87221461,False
ensirna,siRBench/benchmark/competitors/runs/ensirna-main-v1/grouped_fold_2_seed_1,/SCRATCH/dtzim01/sirbench-revision-20260921/siRBench/benchmark/competitors/runs/ensirna-main-v1/grouped_fold_2_seed_1/models/ensirna/version_0/checkpoint/epoch3_step504.ckpt,13124761,0db2dcfb009b7a3642351fed9490696f5248944433f070a1ebdfde7ebe173fd1,False
ensirna,siRBench/benchmark/competitors/runs/ensirna-main-v1/grouped_fold_2_seed_1,/SCRATCH/dtzim01/sirbench-revision-20260921/siRBench/benchmark/competitors/runs/ensirna-main-v1/grouped_fold_2_seed_1/models/ensirna/version_0/checkpoint/epoch6_step882.ckpt,13124761,11ac77a7f1871e860c96c28b3c6286974b67fd34ad611396c812e99669ee8cd1,False
ensirna,siRBench/benchmark/competitors/runs/ensirna-main-v1/grouped_fold_2_seed_1,/SCRATCH/dtzim01/sirbench-revision-20260921/siRBench/benchmark/competitors/runs/ensirna-main-v1/grouped_fold_2_seed_1/models/ensirna/version_0/events.out.tfevents.1790027207.397dc7200564.7.0,330330,bcd0abb0cf786e6f8d8fa3411c1ac15ffbb79be9fd917053d35100901de40905,False
ensirna,siRBench/benchmark/competitors/runs/ensirna-main-v1/grouped_fold_2_seed_2,/SCRATCH/dtzim01/sirbench-revision-20260921/siRBench/benchmark/competitors/runs/ensirna-main-v1/grouped_fold_2_seed_2/models/ensirna/version_0/checkpoint/epoch0_step126.ckpt,13124761,2ace66fe3be8f63a40b1e5302fafaa113f6c10cc6b1b63ccaffd1ccb9fec94f9,False
ensirna,siRBench/benchmark/competitors/runs/ensirna-main-v1/grouped_fold_2_seed_2,/SCRATCH/dtzim01/sirbench-revision-20260921/siRBench/benchmark/competitors/runs/ensirna-main-v1/grouped_fold_2_seed_2/models/ensirna/version_0/checkpoint/epoch15_step2016.ckpt,13124971,7b1ad118d28f2e281f740c65138181443d5d2c852f3e21be3cc668dc87cd077b,False
ensirna,siRBench/benchmark/competitors/runs/ensirna-main-v1/grouped_fold_2_seed_2,/SCRATCH/dtzim01/sirbench-revision-20260921/siRBench/benchmark/competitors/runs/ensirna-main-v1/grouped_fold_2_seed_2/models/ensirna/version_0/checkpoint/epoch16_step2142.ckpt,13124971,c26eee788d038974466999575ad9f748cb1d50a817d3d63c0e8e87d41ecb25e0,False
ensirna,siRBench/benchmark/competitors/runs/ensirna-main-v1/grouped_fold_2_seed_2,/SCRATCH/dtzim01/sirbench-revision-20260921/siRBench/benchmark/competitors/runs/ensirna-main-v1/grouped_fold_2_seed_2/models/ensirna/version_0/checkpoint/epoch19_step2520.ckpt,13124971,1720266b7ba62dfe1058d385e389020a3ed45199aa66eb6489471933eb3847f6,False
ensirna,siRBench/benchmark/competitors/runs/ensirna-main-v1/grouped_fold_2_seed_2,/SCRATCH/dtzim01/sirbench-revision-20260921/siRBench/benchmark/competitors/runs/ensirna-main-v1/grouped_fold_2_seed_2/models/ensirna/version_0/checkpoint/epoch1_step252.ckpt,13124761,76b8ca85faba249e9532dcf3d8c1f3adad71e27a93aeaa404036f4ab8c60e27e,False
ensirna,siRBench/benchmark/competitors/runs/ensirna-main-v1/grouped_fold_2_seed_2,/SCRATCH/dtzim01/sirbench-revision-20260921/siRBench/benchmark/competitors/runs/ensirna-main-v1/grouped_fold_2_seed_2/models/ensirna/version_0/checkpoint/epoch28_step3654.ckpt,13124971,f87a76da7e4faa0da9e2cf26dd7a30c8f04cac6dccfe9fce564541c13b0392b8,False
ensirna,siRBench/benchmark/competitors/runs/ensirna-main-v1/grouped_fold_2_seed_2,/SCRATCH/dtzim01/sirbench-revision-20260921/siRBench/benchmark/competitors/runs/ensirna-main-v1/grouped_fold_2_seed_2/models/ensirna/version_0/checkpoint/epoch29_step3780.ckpt,13124971,9824291123e3cc054c5c8d147d6f73a506cd4571ed8aec0f11cdeccebc712193,False
ensirna,siRBench/benchmark/competitors/runs/ensirna-main-v1/grouped_fold_2_seed_2,/SCRATCH/dtzim01/sirbench-revision-20260921/siRBench/benchmark/competitors/runs/ensirna-main-v1/grouped_fold_2_seed_2/models/ensirna/version_0/checkpoint/epoch4_step630.ckpt,13124761,b13d242fb69c97e13e85ac303842db710fbcbe813f8478f07790a5987361dd61,False
ensirna,siRBench/benchmark/competitors/runs/ensirna-main-v1/grouped_fold_2_seed_2,/SCRATCH/dtzim01/sirbench-revision-20260921/siRBench/benchmark/competitors/runs/ensirna-main-v1/grouped_fold_2_seed_2/models/ensirna/version_0/checkpoint/epoch7_step1008.ckpt,13124866,d78c4352b70a196934b87ffc40b8ae76989feb8ce2acd3aa6181a55a7739568e,False
ensirna,siRBench/benchmark/competitors/runs/ensirna-main-v1/grouped_fold_2_seed_2,/SCRATCH/dtzim01/sirbench-revision-20260921/siRBench/benchmark/competitors/runs/ensirna-main-v1/grouped_fold_2_seed_2/models/ensirna/version_0/events.out.tfevents.1790028509.d7f6b21c6fc7.7.0,359058,f4b0f302cfe682ae1e849169843da8eeed6a4f5cc9e9361a7e6004aa18e28976,False
ensirna,siRBench/benchmark/competitors/runs/ensirna-main-v1/grouped_fold_3_seed_0,/SCRATCH/dtzim01/sirbench-revision-20260921/siRBench/benchmark/competitors/runs/ensirna-main-v1/grouped_fold_3_seed_0/models/ensirna/version_0/checkpoint/epoch0_step135.ckpt,13125337,504bdd8ebd53c2e2b93b595d99f0b9b67b6a92cb9a77118a54e70f15180078dd,False
ensirna,siRBench/benchmark/competitors/runs/ensirna-main-v1/grouped_fold_3_seed_0,/SCRATCH/dtzim01/sirbench-revision-20260921/siRBench/benchmark/competitors/runs/ensirna-main-v1/grouped_fold_3_seed_0/models/ensirna/version_0/checkpoint/epoch19_step2700.ckpt,13125547,df5490d852e8df80475e062171fb3daf2ede159916940ae5f7786526601065dd,False
ensirna,siRBench/benchmark/competitors/runs/ensirna-main-v1/grouped_fold_3_seed_0,/SCRATCH/dtzim01/sirbench-revision-20260921/siRBench/benchmark/competitors/runs/ensirna-main-v1/grouped_fold_3_seed_0/models/ensirna/version_0/checkpoint/epoch1_step270.ckpt,13125337,24cf584a89a66dce2abb64c7a49ddb840dddaf3ff4c967808fb16b14742e1d6d,False
ensirna,siRBench/benchmark/competitors/runs/ensirna-main-v1/grouped_fold_3_seed_0,/SCRATCH/dtzim01/sirbench-revision-20260921/siRBench/benchmark/competitors/runs/ensirna-main-v1/grouped_fold_3_seed_0/models/ensirna/version_0/checkpoint/epoch20_step2835.ckpt,13125547,5b9cb5beea6fbc6d567e0230cd8d5e123eb58bbc23ec46c2acbc42eb77e5dca6,False
ensirna,siRBench/benchmark/competitors/runs/ensirna-main-v1/grouped_fold_3_seed_0,/SCRATCH/dtzim01/sirbench-revision-20260921/siRBench/benchmark/competitors/runs/ensirna-main-v1/grouped_fold_3_seed_0/models/ensirna/version_0/checkpoint/epoch25_step3510.ckpt,13125547,66bbf48a05a45d33ba0528042fb285ba789ee8e3c3a4a2e29b026c8d3255abf0,False
ensirna,siRBench/benchmark/competitors/runs/ensirna-main-v1/grouped_fold_3_seed_0,/SCRATCH/dtzim01/sirbench-revision-20260921/siRBench/benchmark/competitors/runs/ensirna-main-v1/grouped_fold_3_seed_0/models/ensirna/version_0/checkpoint/epoch29_step4050.ckpt,13125547,15497e44c17cc2fd1abc4c048bb5a35d7a94530a9ee0ed4920eef16bef068573,False
ensirna,siRBench/benchmark/competitors/runs/ensirna-main-v1/grouped_fold_3_seed_0,/SCRATCH/dtzim01/sirbench-revision-20260921/siRBench/benchmark/competitors/runs/ensirna-main-v1/grouped_fold_3_seed_0/models/ensirna/version_0/checkpoint/epoch2_step405.ckpt,13125337,67b026f39d8e1e62cd366d04c6171d7fb358a40a439e06f082034edc4060d777,False
ensirna,siRBench/benchmark/competitors/runs/ensirna-main-v1/grouped_fold_3_seed_0,/SCRATCH/dtzim01/sirbench-revision-20260921/siRBench/benchmark/competitors/runs/ensirna-main-v1/grouped_fold_3_seed_0/models/ensirna/version_0/checkpoint/epoch38_step5265.ckpt,13125547,2feb977e25548ecdce8cd980fea40d368efc67e7c077e742c06b417c3ee0cfe7,False
ensirna,siRBench/benchmark/competitors/runs/ensirna-main-v1/grouped_fold_3_seed_0,/SCRATCH/dtzim01/sirbench-revision-20260921/siRBench/benchmark/competitors/runs/ensirna-main-v1/grouped_fold_3_seed_0/models/ensirna/version_0/checkpoint/epoch9_step1350.ckpt,13125442,1ff4a85e52a3cc59961f6986444c1f0513944f01a7aafd9880d0d86b7541f1b2,False
ensirna,siRBench/benchmark/competitors/runs/ensirna-main-v1/grouped_fold_3_seed_0,/SCRATCH/dtzim01/sirbench-revision-20260921/siRBench/benchmark/competitors/runs/ensirna-main-v1/grouped_fold_3_seed_0/models/ensirna/version_0/events.out.tfevents.1790028558.f57873d44beb.7.0,453963,f1a5c6c1a87e58730373de533f9724e002860623089acddec734d7d8295ada49,False
ensirna,siRBench/benchmark/competitors/runs/ensirna-main-v1/grouped_fold_3_seed_1,/SCRATCH/dtzim01/sirbench-revision-20260921/siRBench/benchmark/competitors/runs/ensirna-main-v1/grouped_fold_3_seed_1/models/ensirna/version_0/checkpoint/epoch0_step135.ckpt,13125337,063851b9453c265a721b0b368becbd6ccb2ba7227946c97948832ee7e637acd8,False
ensirna,siRBench/benchmark/competitors/runs/ensirna-main-v1/grouped_fold_3_seed_1,/SCRATCH/dtzim01/sirbench-revision-20260921/siRBench/benchmark/competitors/runs/ensirna-main-v1/grouped_fold_3_seed_1/models/ensirna/version_0/checkpoint/epoch12_step1755.ckpt,13125547,1b36a9671dddbd35044db5c87a501731581fc5b469f451b397c27f0b730e0146,False
ensirna,siRBench/benchmark/competitors/runs/ensirna-main-v1/grouped_fold_3_seed_1,/SCRATCH/dtzim01/sirbench-revision-20260921/siRBench/benchmark/competitors/runs/ensirna-main-v1/grouped_fold_3_seed_1/models/ensirna/version_0/checkpoint/epoch14_step2025.ckpt,13125547,3c8608bbd6048ef12b1ef5c577dbd22e4f8be0f44605d0408e10b2d9cd0b9dbd,False
ensirna,siRBench/benchmark/competitors/runs/ensirna-main-v1/grouped_fold_3_seed_1,/SCRATCH/dtzim01/sirbench-revision-20260921/siRBench/benchmark/competitors/runs/ensirna-main-v1/grouped_fold_3_seed_1/models/ensirna/version_0/checkpoint/epoch1_step270.ckpt,13125337,1e3b804295be0e31342a76883316df5905c315c7a5ffca73386c9ffdd5d53c78,False
ensirna,siRBench/benchmark/competitors/runs/ensirna-main-v1/grouped_fold_3_seed_1,/SCRATCH/dtzim01/sirbench-revision-20260921/siRBench/benchmark/competitors/runs/ensirna-main-v1/grouped_fold_3_seed_1/models/ensirna/version_0/checkpoint/epoch21_step2970.ckpt,13125547,a09b66fae7460b1cf5eeda028cbf9a8121483b5c9b2a78865984341180f98b27,False
ensirna,siRBench/benchmark/competitors/runs/ensirna-main-v1/grouped_fold_3_seed_1,/SCRATCH/dtzim01/sirbench-revision-20260921/siRBench/benchmark/competitors/runs/ensirna-main-v1/grouped_fold_3_seed_1/models/ensirna/version_0/checkpoint/epoch2_step405.ckpt,13125337,db31008e166b10e0485ed1b2bd9c4e71eece15ffc6a6b5e110264e530f3e4de8,False
ensirna,siRBench/benchmark/competitors/runs/ensirna-main-v1/grouped_fold_3_seed_1,/SCRATCH/dtzim01/sirbench-revision-20260921/siRBench/benchmark/competitors/runs/ensirna-main-v1/grouped_fold_3_seed_1/models/ensirna/version_0/checkpoint/epoch30_step4185.ckpt,13125547,38383135929764f2f39a04c426affc6cf7b0e41271d484852ec5e242e1bc68ad,False
ensirna,siRBench/benchmark/competitors/runs/ensirna-main-v1/grouped_fold_3_seed_1,/SCRATCH/dtzim01/sirbench-revision-20260921/siRBench/benchmark/competitors/runs/ensirna-main-v1/grouped_fold_3_seed_1/models/ensirna/version_0/checkpoint/epoch4_step675.ckpt,13125337,b1bfe8c0f56935ab78d9b4e0114d73e0fc93d60c349d360f7c9de0e315a839cc,False
ensirna,siRBench/benchmark/competitors/runs/ensirna-main-v1/grouped_fold_3_seed_1,/SCRATCH/dtzim01/sirbench-revision-20260921/siRBench/benchmark/competitors/runs/ensirna-main-v1/grouped_fold_3_seed_1/models/ensirna/version_0/events.out.tfevents.1790029895.ac9d59a26dd1.7.0,392403,e281ad948dcf359eb029f2e1aab37d2e32735689bf190c2beb00c99f5b6e2453,False
ensirna,siRBench/benchmark/competitors/runs/ensirna-main-v1/grouped_fold_3_seed_2,/SCRATCH/dtzim01/sirbench-revision-20260921/siRBench/benchmark/competitors/runs/ensirna-main-v1/grouped_fold_3_seed_2/models/ensirna/version_0/checkpoint/epoch12_step1755.ckpt,13125547,9679ea7542e74de8acff6fb40d016f1e43c2ed9ee6db3e7e7b85e07a9d8e9905,False
ensirna,siRBench/benchmark/competitors/runs/ensirna-main-v1/grouped_fold_3_seed_2,/SCRATCH/dtzim01/sirbench-revision-20260921/siRBench/benchmark/competitors/runs/ensirna-main-v1/grouped_fold_3_seed_2/models/ensirna/version_0/checkpoint/epoch15_step2160.ckpt,13125547,11ed57c612f5600e935bf6378d15c4c0259d3c5ccbd7e2a553e583c7583d0bbe,False
ensirna,siRBench/benchmark/competitors/runs/ensirna-main-v1/grouped_fold_3_seed_2,/SCRATCH/dtzim01/sirbench-revision-20260921/siRBench/benchmark/competitors/runs/ensirna-main-v1/grouped_fold_3_seed_2/models/ensirna/version_0/checkpoint/epoch16_step2295.ckpt,13125547,878b8e6e1c0c46cc0f33ac44a30149292f2de5812c3278676e4f8fbdfa0044cc,False
ensirna,siRBench/benchmark/competitors/runs/ensirna-main-v1/grouped_fold_3_seed_2,/SCRATCH/dtzim01/sirbench-revision-20260921/siRBench/benchmark/competitors/runs/ensirna-main-v1/grouped_fold_3_seed_2/models/ensirna/version_0/checkpoint/epoch17_step2430.ckpt,13125547,1d4db1c5f4fc5b5ce57f1ddb3157dc70dea237b9e3647b9c65ab97f7c32dce3a,False
ensirna,siRBench/benchmark/competitors/runs/ensirna-main-v1/grouped_fold_3_seed_2,/SCRATCH/dtzim01/sirbench-revision-20260921/siRBench/benchmark/competitors/runs/ensirna-main-v1/grouped_fold_3_seed_2/models/ensirna/version_0/checkpoint/epoch19_step2700.ckpt,13125547,99c3ad41a23fbf7e23bb7aaf158e2cfcd63e10cb9e116992f2147bb2fadc40cb,False
ensirna,siRBench/benchmark/competitors/runs/ensirna-main-v1/grouped_fold_3_seed_2,/SCRATCH/dtzim01/sirbench-revision-20260921/siRBench/benchmark/competitors/runs/ensirna-main-v1/grouped_fold_3_seed_2/models/ensirna/version_0/checkpoint/epoch1_step270.ckpt,13125337,818cb33df14c102f248fc002fb04226c0f8b0673d8c34783808d1ae3ba2a673c,False
ensirna,siRBench/benchmark/competitors/runs/ensirna-main-v1/grouped_fold_3_seed_2,/SCRATCH/dtzim01/sirbench-revision-20260921/siRBench/benchmark/competitors/runs/ensirna-main-v1/grouped_fold_3_seed_2/models/ensirna/version_0/checkpoint/epoch20_step2835.ckpt,13125547,7d2932ec627ad0a68f3b2c49c655c2e3e35c81ebcd8db68742110300ff5b2929,False
ensirna,siRBench/benchmark/competitors/runs/ensirna-main-v1/grouped_fold_3_seed_2,/SCRATCH/dtzim01/sirbench-revision-20260921/siRBench/benchmark/competitors/runs/ensirna-main-v1/grouped_fold_3_seed_2/models/ensirna/version_0/checkpoint/epoch28_step3915.ckpt,13125547,0b31cac99ef33fb1099e11551fe10442613292ba0f53afc9bfd22cd33a1ec544,False
ensirna,siRBench/benchmark/competitors/runs/ensirna-main-v1/grouped_fold_3_seed_2,/SCRATCH/dtzim01/sirbench-revision-20260921/siRBench/benchmark/competitors/runs/ensirna-main-v1/grouped_fold_3_seed_2/models/ensirna/version_0/checkpoint/epoch39_step5400.ckpt,13125547,185e50cce91443c7b09885c2db16998a2c7843b54908721fb30d976e5d128285,False
ensirna,siRBench/benchmark/competitors/runs/ensirna-main-v1/grouped_fold_3_seed_2,/SCRATCH/dtzim01/sirbench-revision-20260921/siRBench/benchmark/competitors/runs/ensirna-main-v1/grouped_fold_3_seed_2/models/ensirna/version_0/checkpoint/epoch4_step675.ckpt,13125337,6c5324086d670bff10b7f9fad578fb4956f93992485d65b1cd4fefd0a776c5e6,False
ensirna,siRBench/benchmark/competitors/runs/ensirna-main-v1/grouped_fold_3_seed_2,/SCRATCH/dtzim01/sirbench-revision-20260921/siRBench/benchmark/competitors/runs/ensirna-main-v1/grouped_fold_3_seed_2/models/ensirna/version_0/events.out.tfevents.1790030253.a66ff61fc5a0.7.0,461658,a4986dcfcdf9695c2c8ad3854651ab6f9751dda711cd48a1bb636bad3baa79d6,False
ensirna,siRBench/benchmark/competitors/runs/ensirna-main-v1/grouped_fold_4_seed_0,/SCRATCH/dtzim01/sirbench-revision-20260921/siRBench/benchmark/competitors/runs/ensirna-main-v1/grouped_fold_4_seed_0/models/ensirna/version_0/checkpoint/epoch14_step2235.ckpt,13125227,eb4bc16f55ef137c8dc38dded3faa6baa08e98b8acfd2325c47d1531eec0c563,False
ensirna,siRBench/benchmark/competitors/runs/ensirna-main-v1/grouped_fold_4_seed_0,/SCRATCH/dtzim01/sirbench-revision-20260921/siRBench/benchmark/competitors/runs/ensirna-main-v1/grouped_fold_4_seed_0/models/ensirna/version_0/checkpoint/epoch16_step2533.ckpt,13125227,1128f6de2d81b4995521f5415805cb72ef85966868ec379562802e3b27ab4c82,False
ensirna,siRBench/benchmark/competitors/runs/ensirna-main-v1/grouped_fold_4_seed_0,/SCRATCH/dtzim01/sirbench-revision-20260921/siRBench/benchmark/competitors/runs/ensirna-main-v1/grouped_fold_4_seed_0/models/ensirna/version_0/checkpoint/epoch17_step2682.ckpt,13125227,52c8d8641b6908c2c95c38396d212ebd67058fe81348407d0c7cbeb1b53f452c,False
ensirna,siRBench/benchmark/competitors/runs/ensirna-main-v1/grouped_fold_4_seed_0,/SCRATCH/dtzim01/sirbench-revision-20260921/siRBench/benchmark/competitors/runs/ensirna-main-v1/grouped_fold_4_seed_0/models/ensirna/version_0/checkpoint/epoch20_step3129.ckpt,13125227,9c5e50135bffeb564560ee6f29819151a4aedd1bfbb89fb02f2ec72039f2302d,False
ensirna,siRBench/benchmark/competitors/runs/ensirna-main-v1/grouped_fold_4_seed_0,/SCRATCH/dtzim01/sirbench-revision-20260921/siRBench/benchmark/competitors/runs/ensirna-main-v1/grouped_fold_4_seed_0/models/ensirna/version_0/checkpoint/epoch21_step3278.ckpt,13125227,2b0f26ee9854bc8d9e4e8639e2fd5cda8f0cce9eefc78a52500ae1515b843e8f,False
ensirna,siRBench/benchmark/competitors/runs/ensirna-main-v1/grouped_fold_4_seed_0,/SCRATCH/dtzim01/sirbench-revision-20260921/siRBench/benchmark/competitors/runs/ensirna-main-v1/grouped_fold_4_seed_0/models/ensirna/version_0/checkpoint/epoch25_step3874.ckpt,13125227,b4362912266d0b5221db1159772de46a28e907c8279e571b8e878e58d6362cc7,False
ensirna,siRBench/benchmark/competitors/runs/ensirna-main-v1/grouped_fold_4_seed_0,/SCRATCH/dtzim01/sirbench-revision-20260921/siRBench/benchmark/competitors/runs/ensirna-main-v1/grouped_fold_4_seed_0/models/ensirna/version_0/checkpoint/epoch28_step4321.ckpt,13125227,9dfaf4317536c7226b303bacd614b835c57860bf66741fba4a920464d4d5d360,False
ensirna,siRBench/benchmark/competitors/runs/ensirna-main-v1/grouped_fold_4_seed_0,/SCRATCH/dtzim01/sirbench-revision-20260921/siRBench/benchmark/competitors/runs/ensirna-main-v1/grouped_fold_4_seed_0/models/ensirna/version_0/checkpoint/epoch40_step6109.ckpt,13125227,83b4ac43aadba0026cb71840e292180327e652c294a1689a12f02246b7566832,False
ensirna,siRBench/benchmark/competitors/runs/ensirna-main-v1/grouped_fold_4_seed_0,/SCRATCH/dtzim01/sirbench-revision-20260921/siRBench/benchmark/competitors/runs/ensirna-main-v1/grouped_fold_4_seed_0/models/ensirna/version_0/checkpoint/epoch5_step894.ckpt,13125017,6064058b60ec9cbf778459187636cf4fda7b0c506db1f0d9807a673ae8976a82,False
ensirna,siRBench/benchmark/competitors/runs/ensirna-main-v1/grouped_fold_4_seed_0,/SCRATCH/dtzim01/sirbench-revision-20260921/siRBench/benchmark/competitors/runs/ensirna-main-v1/grouped_fold_4_seed_0/models/ensirna/version_0/checkpoint/epoch6_step1043.ckpt,13125122,d75ac346b3d67a57486415ca3b8f5d5a54dcb5890eb0788765b622232f09b770,False
ensirna,siRBench/benchmark/competitors/runs/ensirna-main-v1/grouped_fold_4_seed_0,/SCRATCH/dtzim01/sirbench-revision-20260921/siRBench/benchmark/competitors/runs/ensirna-main-v1/grouped_fold_4_seed_0/models/ensirna/version_0/events.out.tfevents.1790027209.3ace5034393e.7.0,518031,9461123d76d3493068503d40a4d37c0991f22e43e4d8b4e47ec2b77456790b37,False
ensirna,siRBench/benchmark/competitors/runs/ensirna-main-v1/grouped_fold_4_seed_1,/SCRATCH/dtzim01/sirbench-revision-20260921/siRBench/benchmark/competitors/runs/ensirna-main-v1/grouped_fold_4_seed_1/models/ensirna/version_0/checkpoint/epoch10_step1639.ckpt,13125227,5d5829af225f52048f62b45bf6f4533aab49bfff9aad7f71bb7dec599e0ce60e,False
ensirna,siRBench/benchmark/competitors/runs/ensirna-main-v1/grouped_fold_4_seed_1,/SCRATCH/dtzim01/sirbench-revision-20260921/siRBench/benchmark/competitors/runs/ensirna-main-v1/grouped_fold_4_seed_1/models/ensirna/version_0/checkpoint/epoch11_step1788.ckpt,13125227,8a42cd86c48e73436a652b056e53e1fecdb8285bf908f1a370d575f30cddf355,False
ensirna,siRBench/benchmark/competitors/runs/ensirna-main-v1/grouped_fold_4_seed_1,/SCRATCH/dtzim01/sirbench-revision-20260921/siRBench/benchmark/competitors/runs/ensirna-main-v1/grouped_fold_4_seed_1/models/ensirna/version_0/checkpoint/epoch15_step2384.ckpt,13125227,9b3c8cbb2ed62e7db641550f8d73f4aca8e01b409b9ff3e10cf5dc4b2a40eb17,False
ensirna,siRBench/benchmark/competitors/runs/ensirna-main-v1/grouped_fold_4_seed_1,/SCRATCH/dtzim01/sirbench-revision-20260921/siRBench/benchmark/competitors/runs/ensirna-main-v1/grouped_fold_4_seed_1/models/ensirna/version_0/checkpoint/epoch16_step2533.ckpt,13125227,e213b167f89a83525977e2ecd630531ebe545e9bfcc66f84d4651f3722b8a538,False
ensirna,siRBench/benchmark/competitors/runs/ensirna-main-v1/grouped_fold_4_seed_1,/SCRATCH/dtzim01/sirbench-revision-20260921/siRBench/benchmark/competitors/runs/ensirna-main-v1/grouped_fold_4_seed_1/models/ensirna/version_0/checkpoint/epoch19_step2980.ckpt,13125227,392a91c6e8ea28e79fa90ea039ab8596779fb8c06e17e4a09a6ec2848075227b,False
ensirna,siRBench/benchmark/competitors/runs/ensirna-main-v1/grouped_fold_4_seed_1,/SCRATCH/dtzim01/sirbench-revision-20260921/siRBench/benchmark/competitors/runs/ensirna-main-v1/grouped_fold_4_seed_1/models/ensirna/version_0/checkpoint/epoch1_step298.ckpt,13125017,473a2bf928f4051aa75b0f7aab7b5749d2fc42afe6fff57eb47858c798ece311,False
ensirna,siRBench/benchmark/competitors/runs/ensirna-main-v1/grouped_fold_4_seed_1,/SCRATCH/dtzim01/sirbench-revision-20260921/siRBench/benchmark/competitors/runs/ensirna-main-v1/grouped_fold_4_seed_1/models/ensirna/version_0/checkpoint/epoch22_step3427.ckpt,13125227,1a2915534458abc1fdd943977cee24dcbb9dea9ef917624e5874dabe544be4c7,False
ensirna,siRBench/benchmark/competitors/runs/ensirna-main-v1/grouped_fold_4_seed_1,/SCRATCH/dtzim01/sirbench-revision-20260921/siRBench/benchmark/competitors/runs/ensirna-main-v1/grouped_fold_4_seed_1/models/ensirna/version_0/checkpoint/epoch2_step447.ckpt,13125017,a5f0b609e1a78b4710140df5fd4aa8e978d6d58ba6f07d82a0a2ea87318c6886,False
ensirna,siRBench/benchmark/competitors/runs/ensirna-main-v1/grouped_fold_4_seed_1,/SCRATCH/dtzim01/sirbench-revision-20260921/siRBench/benchmark/competitors/runs/ensirna-main-v1/grouped_fold_4_seed_1/models/ensirna/version_0/checkpoint/epoch5_step894.ckpt,13125017,7da3d9301b006b705296c3e378897e19d1b0e7f24d33cbad89b690c2b7c63e31,False
ensirna,siRBench/benchmark/competitors/runs/ensirna-main-v1/grouped_fold_4_seed_1,/SCRATCH/dtzim01/sirbench-revision-20260921/siRBench/benchmark/competitors/runs/ensirna-main-v1/grouped_fold_4_seed_1/models/ensirna/version_0/checkpoint/epoch9_step1490.ckpt,13125122,ffab74b4b5c5b73bebe8abc7bfd0e8023b3cb6d191e5e070c92db1efcb0a7a07,False
ensirna,siRBench/benchmark/competitors/runs/ensirna-main-v1/grouped_fold_4_seed_1,/SCRATCH/dtzim01/sirbench-revision-20260921/siRBench/benchmark/competitors/runs/ensirna-main-v1/grouped_fold_4_seed_1/models/ensirna/version_0/events.out.tfevents.1790027209.27ca3c6f37f0.7.0,365157,4d20805d12a03e6d1b9507d20ec9c90d99694057ed97aa5a64f0af6b007b051d,False
ensirna,siRBench/benchmark/competitors/runs/ensirna-main-v1/grouped_fold_4_seed_2,/SCRATCH/dtzim01/sirbench-revision-20260921/siRBench/benchmark/competitors/runs/ensirna-main-v1/grouped_fold_4_seed_2/models/ensirna/version_0/checkpoint/epoch0_step149.ckpt,13125017,1d9cfd5abca59ccbbc8f0d4fb0993d67881f6c8fd592a581124bb04fddda7c62,False
ensirna,siRBench/benchmark/competitors/runs/ensirna-main-v1/grouped_fold_4_seed_2,/SCRATCH/dtzim01/sirbench-revision-20260921/siRBench/benchmark/competitors/runs/ensirna-main-v1/grouped_fold_4_seed_2/models/ensirna/version_0/checkpoint/epoch13_step2086.ckpt,13125227,62555e09b89c51520e4699ed893981807e4f85e8cd2590a58a7838d0a3bef7bf,False
ensirna,siRBench/benchmark/competitors/runs/ensirna-main-v1/grouped_fold_4_seed_2,/SCRATCH/dtzim01/sirbench-revision-20260921/siRBench/benchmark/competitors/runs/ensirna-main-v1/grouped_fold_4_seed_2/models/ensirna/version_0/checkpoint/epoch15_step2384.ckpt,13125227,cfab46d07bd12fa5104dfd01c5d4a07a87a7d1799a30302564f37d314fa7ae41,False
ensirna,siRBench/benchmark/competitors/runs/ensirna-main-v1/grouped_fold_4_seed_2,/SCRATCH/dtzim01/sirbench-revision-20260921/siRBench/benchmark/competitors/runs/ensirna-main-v1/grouped_fold_4_seed_2/models/ensirna/version_0/checkpoint/epoch17_step2682.ckpt,13125227,548a45ad95fe3dd378aad3fdd023a6bc6e4377ba63e7f9884c0333c95aef3806,False
ensirna,siRBench/benchmark/competitors/runs/ensirna-main-v1/grouped_fold_4_seed_2,/SCRATCH/dtzim01/sirbench-revision-20260921/siRBench/benchmark/competitors/runs/ensirna-main-v1/grouped_fold_4_seed_2/models/ensirna/version_0/checkpoint/epoch19_step2980.ckpt,13125227,866d23ab4bfe10d76aca40450203a2fe4fa7d98956a203bc3cdd03cc984f4201,False
ensirna,siRBench/benchmark/competitors/runs/ensirna-main-v1/grouped_fold_4_seed_2,/SCRATCH/dtzim01/sirbench-revision-20260921/siRBench/benchmark/competitors/runs/ensirna-main-v1/grouped_fold_4_seed_2/models/ensirna/version_0/checkpoint/epoch23_step3576.ckpt,13125227,e181d12f5df01844811c31267adeb3adea33a113064a03e5479fa8db999b9941,False
ensirna,siRBench/benchmark/competitors/runs/ensirna-main-v1/grouped_fold_4_seed_2,/SCRATCH/dtzim01/sirbench-revision-20260921/siRBench/benchmark/competitors/runs/ensirna-main-v1/grouped_fold_4_seed_2/models/ensirna/version_0/checkpoint/epoch24_step3725.ckpt,13125227,e38eed47392c8b4844eaf682458b8d8a6a911ad08811fcad9879b08df620d1f8,False
ensirna,siRBench/benchmark/competitors/runs/ensirna-main-v1/grouped_fold_4_seed_2,/SCRATCH/dtzim01/sirbench-revision-20260921/siRBench/benchmark/competitors/runs/ensirna-main-v1/grouped_fold_4_seed_2/models/ensirna/version_0/checkpoint/epoch2_step447.ckpt,13125017,cb3d28aa0f78df90b2284dd592d975c6f1e024b182a2bef76cf2f8f2374b4073,False
ensirna,siRBench/benchmark/competitors/runs/ensirna-main-v1/grouped_fold_4_seed_2,/SCRATCH/dtzim01/sirbench-revision-20260921/siRBench/benchmark/competitors/runs/ensirna-main-v1/grouped_fold_4_seed_2/models/ensirna/version_0/events.out.tfevents.1790028551.a1f03f8442f8.7.0,382143,f2199e0d2aa60855021511ed4b71ed4fc705036cc82fabb1a268b8d635fe8e2a,False
ensirna,siRBench/benchmark/competitors/runs/ensirna-main-v1/random_fold_0_seed_0,/SCRATCH/dtzim01/sirbench-revision-20260921/siRBench/benchmark/competitors/runs/ensirna-main-v1/random_fold_0_seed_0/models/ensirna/version_0/checkpoint/epoch11_step1884.ckpt,13124843,f47cd77b2069fd32f6fc05be06819e19f86abe42145caf0ac4352805f696f10c,False
ensirna,siRBench/benchmark/competitors/runs/ensirna-main-v1/random_fold_0_seed_0,/SCRATCH/dtzim01/sirbench-revision-20260921/siRBench/benchmark/competitors/runs/ensirna-main-v1/random_fold_0_seed_0/models/ensirna/version_0/checkpoint/epoch13_step2198.ckpt,13124843,be02fcaccf35defb43c889451c5aa1824caa66e6ee08dceb6169068da87cbe48,False
ensirna,siRBench/benchmark/competitors/runs/ensirna-main-v1/random_fold_0_seed_0,/SCRATCH/dtzim01/sirbench-revision-20260921/siRBench/benchmark/competitors/runs/ensirna-main-v1/random_fold_0_seed_0/models/ensirna/version_0/checkpoint/epoch19_step3140.ckpt,13124843,3c149c89087490aa7d14dc67ed5291f38b455a133cc9b0f586a3e7f2e8775dd1,False
ensirna,siRBench/benchmark/competitors/runs/ensirna-main-v1/random_fold_0_seed_0,/SCRATCH/dtzim01/sirbench-revision-20260921/siRBench/benchmark/competitors/runs/ensirna-main-v1/random_fold_0_seed_0/models/ensirna/version_0/checkpoint/epoch20_step3297.ckpt,13124843,c30df7034fcee1a415316bbe71a928e8c00f6a8e0d6f57a0f9b7f9b7d94d9507,False
ensirna,siRBench/benchmark/competitors/runs/ensirna-main-v1/random_fold_0_seed_0,/SCRATCH/dtzim01/sirbench-revision-20260921/siRBench/benchmark/competitors/runs/ensirna-main-v1/random_fold_0_seed_0/models/ensirna/version_0/checkpoint/epoch21_step3454.ckpt,13124843,d55e9a7388fc6f3423652ac41610e86c712f8d93cfb4c78f955300dd8e517a35,False
ensirna,siRBench/benchmark/competitors/runs/ensirna-main-v1/random_fold_0_seed_0,/SCRATCH/dtzim01/sirbench-revision-20260921/siRBench/benchmark/competitors/runs/ensirna-main-v1/random_fold_0_seed_0/models/ensirna/version_0/checkpoint/epoch22_step3611.ckpt,13124843,ff21381ca3ec0fe25980684da7e042aa137011ebe53f0a563e2ad2aa212b9827,False
ensirna,siRBench/benchmark/competitors/runs/ensirna-main-v1/random_fold_0_seed_0,/SCRATCH/dtzim01/sirbench-revision-20260921/siRBench/benchmark/competitors/runs/ensirna-main-v1/random_fold_0_seed_0/models/ensirna/version_0/checkpoint/epoch27_step4396.ckpt,13124843,ba55cdca8f97e6cf35cb38216f31396c5a07976f8cd7572d2670461840006dae,False
ensirna,siRBench/benchmark/competitors/runs/ensirna-main-v1/random_fold_0_seed_0,/SCRATCH/dtzim01/sirbench-revision-20260921/siRBench/benchmark/competitors/runs/ensirna-main-v1/random_fold_0_seed_0/models/ensirna/version_0/checkpoint/epoch29_step4710.ckpt,13124843,3ac13b4956039ea86323c7fba0ecb7a55053240f79cb69f38da072dbb0e2e955,False
ensirna,siRBench/benchmark/competitors/runs/ensirna-main-v1/random_fold_0_seed_0,/SCRATCH/dtzim01/sirbench-revision-20260921/siRBench/benchmark/competitors/runs/ensirna-main-v1/random_fold_0_seed_0/models/ensirna/version_0/checkpoint/epoch30_step4867.ckpt,13124843,3e8c16430b9fb828b1c36393f403d78a93449192039ce192dfbeaacd996df919,False
ensirna,siRBench/benchmark/competitors/runs/ensirna-main-v1/random_fold_0_seed_0,/SCRATCH/dtzim01/sirbench-revision-20260921/siRBench/benchmark/competitors/runs/ensirna-main-v1/random_fold_0_seed_0/models/ensirna/version_0/checkpoint/epoch41_step6594.ckpt,13124843,b29efd9309d67870aecfb72b09d020ff219f8d6fed260a716a2bf58cdc6589c6,False
ensirna,siRBench/benchmark/competitors/runs/ensirna-main-v1/random_fold_0_seed_0,/SCRATCH/dtzim01/sirbench-revision-20260921/siRBench/benchmark/competitors/runs/ensirna-main-v1/random_fold_0_seed_0/models/ensirna/version_0/events.out.tfevents.1790031826.4783a73a926a.51.0,554796,27546f6e7aeebb607f68ea37d0f58348f16b6a342738591a3a9be856bae566d9,False
ensirna,siRBench/benchmark/competitors/runs/ensirna-main-v1/random_fold_0_seed_1,/SCRATCH/dtzim01/sirbench-revision-20260921/siRBench/benchmark/competitors/runs/ensirna-main-v1/random_fold_0_seed_1/models/ensirna/version_0/checkpoint/epoch10_step1727.ckpt,13124843,1f101252d70451bfb02f641920b82897d213017335b0eceb5d38beaf39a3edce,False
ensirna,siRBench/benchmark/competitors/runs/ensirna-main-v1/random_fold_0_seed_1,/SCRATCH/dtzim01/sirbench-revision-20260921/siRBench/benchmark/competitors/runs/ensirna-main-v1/random_fold_0_seed_1/models/ensirna/version_0/checkpoint/epoch12_step2041.ckpt,13124843,5742ffdb24727ef74afa6b36779c90b6ba4e28460fb05b9689c0f01f11691c89,False
ensirna,siRBench/benchmark/competitors/runs/ensirna-main-v1/random_fold_0_seed_1,/SCRATCH/dtzim01/sirbench-revision-20260921/siRBench/benchmark/competitors/runs/ensirna-main-v1/random_fold_0_seed_1/models/ensirna/version_0/checkpoint/epoch14_step2355.ckpt,13124843,88779f959dcc45f4abde881556fb3823566f4365cd34778412255505ca8f36ea,False
ensirna,siRBench/benchmark/competitors/runs/ensirna-main-v1/random_fold_0_seed_1,/SCRATCH/dtzim01/sirbench-revision-20260921/siRBench/benchmark/competitors/runs/ensirna-main-v1/random_fold_0_seed_1/models/ensirna/version_0/checkpoint/epoch17_step2826.ckpt,13124843,11a31ae771b2a8ba86d35ad557a40dc832e32cdbc93f12565c87226ee741444a,False
ensirna,siRBench/benchmark/competitors/runs/ensirna-main-v1/random_fold_0_seed_1,/SCRATCH/dtzim01/sirbench-revision-20260921/siRBench/benchmark/competitors/runs/ensirna-main-v1/random_fold_0_seed_1/models/ensirna/version_0/checkpoint/epoch21_step3454.ckpt,13124843,163f9beb566a5d900dab16222c071bbcbf577a9320b6f1e838707bc40121ee4c,False
ensirna,siRBench/benchmark/competitors/runs/ensirna-main-v1/random_fold_0_seed_1,/SCRATCH/dtzim01/sirbench-revision-20260921/siRBench/benchmark/competitors/runs/ensirna-main-v1/random_fold_0_seed_1/models/ensirna/version_0/checkpoint/epoch28_step4553.ckpt,13124843,a7368f1d016317e0c3e467b8487595e0dc235e8ec1ef02ff5bea739e175ad74e,False
ensirna,siRBench/benchmark/competitors/runs/ensirna-main-v1/random_fold_0_seed_1,/SCRATCH/dtzim01/sirbench-revision-20260921/siRBench/benchmark/competitors/runs/ensirna-main-v1/random_fold_0_seed_1/models/ensirna/version_0/checkpoint/epoch29_step4710.ckpt,13124843,095f6986cf2dd846496505a1ea2724f89409b3c39758bd37f28c3a47949af593,False
ensirna,siRBench/benchmark/competitors/runs/ensirna-main-v1/random_fold_0_seed_1,/SCRATCH/dtzim01/sirbench-revision-20260921/siRBench/benchmark/competitors/runs/ensirna-main-v1/random_fold_0_seed_1/models/ensirna/version_0/checkpoint/epoch4_step785.ckpt,13124633,248dc4f7c0ad2299af13853c828ada770b7bd4f723417a41314cb095cfece7ae,False
ensirna,siRBench/benchmark/competitors/runs/ensirna-main-v1/random_fold_0_seed_1,/SCRATCH/dtzim01/sirbench-revision-20260921/siRBench/benchmark/competitors/runs/ensirna-main-v1/random_fold_0_seed_1/models/ensirna/version_0/checkpoint/epoch8_step1413.ckpt,13124738,a48db8c63a36580f3c1ba080b044f6ab4a084adbb9da438f2a7201676cd7dc4d,False
ensirna,siRBench/benchmark/competitors/runs/ensirna-main-v1/random_fold_0_seed_1,/SCRATCH/dtzim01/sirbench-revision-20260921/siRBench/benchmark/competitors/runs/ensirna-main-v1/random_fold_0_seed_1/models/ensirna/version_0/checkpoint/epoch9_step1570.ckpt,13124738,03cc327876f3143ecf5f8077992d619dd2a106e1a259625e6ac35e0de4389bf0,False
ensirna,siRBench/benchmark/competitors/runs/ensirna-main-v1/random_fold_0_seed_1,/SCRATCH/dtzim01/sirbench-revision-20260921/siRBench/benchmark/competitors/runs/ensirna-main-v1/random_fold_0_seed_1/models/ensirna/version_0/events.out.tfevents.1790032578.6f50419704df.51.0,447408,57dca70fcad01bd8dcfc94b9dba0f346cfeed56c74b3cef127c22d8ef0df40a0,False
ensirna,siRBench/benchmark/competitors/runs/ensirna-main-v1/random_fold_0_seed_2,/SCRATCH/dtzim01/sirbench-revision-20260921/siRBench/benchmark/competitors/runs/ensirna-main-v1/random_fold_0_seed_2/models/ensirna/version_0/checkpoint/epoch10_step1727.ckpt,13124843,b344ff676151e108d960ccb6b951841480df5b3417a6c1b18a658232a153aec8,False
ensirna,siRBench/benchmark/competitors/runs/ensirna-main-v1/random_fold_0_seed_2,/SCRATCH/dtzim01/sirbench-revision-20260921/siRBench/benchmark/competitors/runs/ensirna-main-v1/random_fold_0_seed_2/models/ensirna/version_0/checkpoint/epoch14_step2355.ckpt,13124843,a5b0f886cac85b5a8dd18c5dd4445116a475ffb9df7e330ab742ffde25fd197e,False
ensirna,siRBench/benchmark/competitors/runs/ensirna-main-v1/random_fold_0_seed_2,/SCRATCH/dtzim01/sirbench-revision-20260921/siRBench/benchmark/competitors/runs/ensirna-main-v1/random_fold_0_seed_2/models/ensirna/version_0/checkpoint/epoch15_step2512.ckpt,13124843,d267aeb7e250debbf07eed9413a303827d5c099c8c5de8f0150863386ef12694,False
ensirna,siRBench/benchmark/competitors/runs/ensirna-main-v1/random_fold_0_seed_2,/SCRATCH/dtzim01/sirbench-revision-20260921/siRBench/benchmark/competitors/runs/ensirna-main-v1/random_fold_0_seed_2/models/ensirna/version_0/checkpoint/epoch17_step2826.ckpt,13124843,18ea9dd8800ae5225bb3cab44c3b04e66356557c8f7a23043dce5a97989e8098,False
ensirna,siRBench/benchmark/competitors/runs/ensirna-main-v1/random_fold_0_seed_2,/SCRATCH/dtzim01/sirbench-revision-20260921/siRBench/benchmark/competitors/runs/ensirna-main-v1/random_fold_0_seed_2/models/ensirna/version_0/checkpoint/epoch23_step3768.ckpt,13124843,6684dbb27af224ef6e889d99e5e7397ef0c4f50193d52964562494fc9acbea25,False
ensirna,siRBench/benchmark/competitors/runs/ensirna-main-v1/random_fold_0_seed_2,/SCRATCH/dtzim01/sirbench-revision-20260921/siRBench/benchmark/competitors/runs/ensirna-main-v1/random_fold_0_seed_2/models/ensirna/version_0/checkpoint/epoch24_step3925.ckpt,13124843,42741ad753dcebe25445a60a749798830bd5784bb3b1f48574129ad73987c648,False
ensirna,siRBench/benchmark/competitors/runs/ensirna-main-v1/random_fold_0_seed_2,/SCRATCH/dtzim01/sirbench-revision-20260921/siRBench/benchmark/competitors/runs/ensirna-main-v1/random_fold_0_seed_2/models/ensirna/version_0/checkpoint/epoch26_step4239.ckpt,13124843,a5581fd6c6a84e57ff188a941b4a020cc9813b860d2da846fb29e1f87c228a2c,False
ensirna,siRBench/benchmark/competitors/runs/ensirna-main-v1/random_fold_0_seed_2,/SCRATCH/dtzim01/sirbench-revision-20260921/siRBench/benchmark/competitors/runs/ensirna-main-v1/random_fold_0_seed_2/models/ensirna/version_0/checkpoint/epoch2_step471.ckpt,13124633,9b22310a86db0c0d464dc151dc9feec32c0b5788c5661f0a00ff8e2d08f9f2b6,False
ensirna,siRBench/benchmark/competitors/runs/ensirna-main-v1/random_fold_0_seed_2,/SCRATCH/dtzim01/sirbench-revision-20260921/siRBench/benchmark/competitors/runs/ensirna-main-v1/random_fold_0_seed_2/models/ensirna/version_0/checkpoint/epoch32_step5181.ckpt,13124843,8e6f8dcfd58f14c486983c5645fa57f2d7f0c4c2caadb5b57b7cb86e3277837e,False
ensirna,siRBench/benchmark/competitors/runs/ensirna-main-v1/random_fold_0_seed_2,/SCRATCH/dtzim01/sirbench-revision-20260921/siRBench/benchmark/competitors/runs/ensirna-main-v1/random_fold_0_seed_2/models/ensirna/version_0/checkpoint/epoch5_step942.ckpt,13124633,acf3798b14ae355748688b6e1b3ab1f74683c719df063657a21275eca4326f51,False
ensirna,siRBench/benchmark/competitors/runs/ensirna-main-v1/random_fold_0_seed_2,/SCRATCH/dtzim01/sirbench-revision-20260921/siRBench/benchmark/competitors/runs/ensirna-main-v1/random_fold_0_seed_2/models/ensirna/version_0/events.out.tfevents.1790033913.326033b0515c.51.0,474255,593740724e045cba551854be39cfd2b7694742b105e82b951ebbf2f963148a55,False
ensirna,siRBench/benchmark/competitors/runs/ensirna-main-v1/random_fold_1_seed_0,/SCRATCH/dtzim01/sirbench-revision-20260921/siRBench/benchmark/competitors/runs/ensirna-main-v1/random_fold_1_seed_0/models/ensirna/version_0/checkpoint/epoch15_step2512.ckpt,13124843,e543002dc95b1cb502e51813cd846d61eb8e77ecc05367d95563535045fd9de2,False
ensirna,siRBench/benchmark/competitors/runs/ensirna-main-v1/random_fold_1_seed_0,/SCRATCH/dtzim01/sirbench-revision-20260921/siRBench/benchmark/competitors/runs/ensirna-main-v1/random_fold_1_seed_0/models/ensirna/version_0/checkpoint/epoch16_step2669.ckpt,13124843,6348ef008886ed6c42d2755f9e33ce5cb98176c70078fd79ffcf58f842f21501,False
ensirna,siRBench/benchmark/competitors/runs/ensirna-main-v1/random_fold_1_seed_0,/SCRATCH/dtzim01/sirbench-revision-20260921/siRBench/benchmark/competitors/runs/ensirna-main-v1/random_fold_1_seed_0/models/ensirna/version_0/checkpoint/epoch17_step2826.ckpt,13124843,13f6c84e949581874e2c3054e84e9dfa02d15e41d6e83f6282c2c45b948c1880,False
ensirna,siRBench/benchmark/competitors/runs/ensirna-main-v1/random_fold_1_seed_0,/SCRATCH/dtzim01/sirbench-revision-20260921/siRBench/benchmark/competitors/runs/ensirna-main-v1/random_fold_1_seed_0/models/ensirna/version_0/checkpoint/epoch18_step2983.ckpt,13124843,daef48b57bfcc5c154be7f0e5fc6ebbcb7bc0111338b5e900af5802e9731582d,False
ensirna,siRBench/benchmark/competitors/runs/ensirna-main-v1/random_fold_1_seed_0,/SCRATCH/dtzim01/sirbench-revision-20260921/siRBench/benchmark/competitors/runs/ensirna-main-v1/random_fold_1_seed_0/models/ensirna/version_0/checkpoint/epoch19_step3140.ckpt,13124843,a02498fdbcfbd91fd064a1cd43a20365125ab840e3904c11c5a1961523cbfbf6,False
ensirna,siRBench/benchmark/competitors/runs/ensirna-main-v1/random_fold_1_seed_0,/SCRATCH/dtzim01/sirbench-revision-20260921/siRBench/benchmark/competitors/runs/ensirna-main-v1/random_fold_1_seed_0/models/ensirna/version_0/checkpoint/epoch20_step3297.ckpt,13124843,8991961be12b83a192eeaa6a7b3c4b5ac20a72c05ced1617dffba1a2153c22f8,False
ensirna,siRBench/benchmark/competitors/runs/ensirna-main-v1/random_fold_1_seed_0,/SCRATCH/dtzim01/sirbench-revision-20260921/siRBench/benchmark/competitors/runs/ensirna-main-v1/random_fold_1_seed_0/models/ensirna/version_0/checkpoint/epoch23_step3768.ckpt,13124843,559528acdd22164595a27d6e3e5eac9cf30d6e10437f317f91b8d81e6d6f650f,False
ensirna,siRBench/benchmark/competitors/runs/ensirna-main-v1/random_fold_1_seed_0,/SCRATCH/dtzim01/sirbench-revision-20260921/siRBench/benchmark/competitors/runs/ensirna-main-v1/random_fold_1_seed_0/models/ensirna/version_0/checkpoint/epoch25_step4082.ckpt,13124843,f917eb5faa97100f619847980daa3ddc8400a83f7787caec0a8ef94728802489,False
ensirna,siRBench/benchmark/competitors/runs/ensirna-main-v1/random_fold_1_seed_0,/SCRATCH/dtzim01/sirbench-revision-20260921/siRBench/benchmark/competitors/runs/ensirna-main-v1/random_fold_1_seed_0/models/ensirna/version_0/checkpoint/epoch27_step4396.ckpt,13124843,85f2c4f573024a5d6a4ad79df48c0a4f7b9d5d1a6497d88bd88cc4ce5565a038,False
ensirna,siRBench/benchmark/competitors/runs/ensirna-main-v1/random_fold_1_seed_0,/SCRATCH/dtzim01/sirbench-revision-20260921/siRBench/benchmark/competitors/runs/ensirna-main-v1/random_fold_1_seed_0/models/ensirna/version_0/checkpoint/epoch34_step5495.ckpt,13124843,2265980e63d7f2c53d83a3fe791695b5458fcf83e09092e421b4ed29a4f8b66e,False
ensirna,siRBench/benchmark/competitors/runs/ensirna-main-v1/random_fold_1_seed_0,/SCRATCH/dtzim01/sirbench-revision-20260921/siRBench/benchmark/competitors/runs/ensirna-main-v1/random_fold_1_seed_0/models/ensirna/version_0/events.out.tfevents.1790034284.450be210319b.51.0,492153,7e03f14a6a2bf7a199babcbea4085e804ae5d737e2b03bb1c52a7fc2d334a193,False
ensirna,siRBench/benchmark/competitors/runs/ensirna-main-v1/random_fold_1_seed_1,/SCRATCH/dtzim01/sirbench-revision-20260921/siRBench/benchmark/competitors/runs/ensirna-main-v1/random_fold_1_seed_1/models/ensirna/version_0/checkpoint/epoch0_step157.ckpt,13124633,1e552c278d9cf98a5592e593c73d2f95bafb9f8af4f1c733393f73902fcf075b,False
ensirna,siRBench/benchmark/competitors/runs/ensirna-main-v1/random_fold_1_seed_1,/SCRATCH/dtzim01/sirbench-revision-20260921/siRBench/benchmark/competitors/runs/ensirna-main-v1/random_fold_1_seed_1/models/ensirna/version_0/checkpoint/epoch11_step1884.ckpt,13124843,526c03064c044361e85bd8ab02c41cdc8e51df60a5bf431a666f0863bf311fa3,False
ensirna,siRBench/benchmark/competitors/runs/ensirna-main-v1/random_fold_1_seed_1,/SCRATCH/dtzim01/sirbench-revision-20260921/siRBench/benchmark/competitors/runs/ensirna-main-v1/random_fold_1_seed_1/models/ensirna/version_0/checkpoint/epoch13_step2198.ckpt,13124843,322ebdcf81109c5ce9f5deeec2547194dd5b7372b76490df8e93611c254f5622,False
ensirna,siRBench/benchmark/competitors/runs/ensirna-main-v1/random_fold_1_seed_1,/SCRATCH/dtzim01/sirbench-revision-20260921/siRBench/benchmark/competitors/runs/ensirna-main-v1/random_fold_1_seed_1/models/ensirna/version_0/checkpoint/epoch14_step2355.ckpt,13124843,e2bea43b2e20eecffdf4df2f452f33e28e2fbef1aa2130e954285369201dc6ce,False
ensirna,siRBench/benchmark/competitors/runs/ensirna-main-v1/random_fold_1_seed_1,/SCRATCH/dtzim01/sirbench-revision-20260921/siRBench/benchmark/competitors/runs/ensirna-main-v1/random_fold_1_seed_1/models/ensirna/version_0/checkpoint/epoch15_step2512.ckpt,13124843,f612dbe636e989258d20f1cc268ddcbf5b521ff757bfb7a1663b4fbead5ba0b3,False
ensirna,siRBench/benchmark/competitors/runs/ensirna-main-v1/random_fold_1_seed_1,/SCRATCH/dtzim01/sirbench-revision-20260921/siRBench/benchmark/competitors/runs/ensirna-main-v1/random_fold_1_seed_1/models/ensirna/version_0/checkpoint/epoch21_step3454.ckpt,13124843,6979d5a3015dedcd773f48ceb005cb17d6c14ce9890a43c40fc7f2de19a13876,False
ensirna,siRBench/benchmark/competitors/runs/ensirna-main-v1/random_fold_1_seed_1,/SCRATCH/dtzim01/sirbench-revision-20260921/siRBench/benchmark/competitors/runs/ensirna-main-v1/random_fold_1_seed_1/models/ensirna/version_0/checkpoint/epoch24_step3925.ckpt,13124843,c13fc82bc17abaa64a672a3c66d25bf731128ebaa92092c95d08f51b2d7a9164,False
ensirna,siRBench/benchmark/competitors/runs/ensirna-main-v1/random_fold_1_seed_1,/SCRATCH/dtzim01/sirbench-revision-20260921/siRBench/benchmark/competitors/runs/ensirna-main-v1/random_fold_1_seed_1/models/ensirna/version_0/checkpoint/epoch43_step6908.ckpt,13124843,3380449b3e56569bbc72a2f38a90bf58ab9132eafba291bfb8ac5bac12a4c982,False
ensirna,siRBench/benchmark/competitors/runs/ensirna-main-v1/random_fold_1_seed_1,/SCRATCH/dtzim01/sirbench-revision-20260921/siRBench/benchmark/competitors/runs/ensirna-main-v1/random_fold_1_seed_1/models/ensirna/version_0/events.out.tfevents.1790035676.5ea7e408f3ef.49.0,572694,d1dd9318732771c98694513dccb242ba369755db430a0e85c717e2ab91276917,False
ensirna,siRBench/benchmark/competitors/runs/ensirna-main-v1/random_fold_1_seed_2,/SCRATCH/dtzim01/sirbench-revision-20260921/siRBench/benchmark/competitors/runs/ensirna-main-v1/random_fold_1_seed_2/models/ensirna/version_0/checkpoint/epoch11_step1884.ckpt,13124843,a60ce2a8cc1f68d52732bff50717a19c32d3240c713446729776676158f93ffd,False
ensirna,siRBench/benchmark/competitors/runs/ensirna-main-v1/random_fold_1_seed_2,/SCRATCH/dtzim01/sirbench-revision-20260921/siRBench/benchmark/competitors/runs/ensirna-main-v1/random_fold_1_seed_2/models/ensirna/version_0/checkpoint/epoch12_step2041.ckpt,13124843,699f4f3944ef8f1adccae0c2506f4b2256a9d9cb21d9d518a1a271efa0bff7d6,False
ensirna,siRBench/benchmark/competitors/runs/ensirna-main-v1/random_fold_1_seed_2,/SCRATCH/dtzim01/sirbench-revision-20260921/siRBench/benchmark/competitors/runs/ensirna-main-v1/random_fold_1_seed_2/models/ensirna/version_0/checkpoint/epoch13_step2198.ckpt,13124843,8d63f24c44bc23c70c7d2faeefc8f2f7e198425b20aa5187f8e1ac3f9e7675ff,False
ensirna,siRBench/benchmark/competitors/runs/ensirna-main-v1/random_fold_1_seed_2,/SCRATCH/dtzim01/sirbench-revision-20260921/siRBench/benchmark/competitors/runs/ensirna-main-v1/random_fold_1_seed_2/models/ensirna/version_0/checkpoint/epoch14_step2355.ckpt,13124843,6295765a7abce1c00645ddf1abce4989400182dcee5a9df92f8e409cd51b43e7,False
ensirna,siRBench/benchmark/competitors/runs/ensirna-main-v1/random_fold_1_seed_2,/SCRATCH/dtzim01/sirbench-revision-20260921/siRBench/benchmark/competitors/runs/ensirna-main-v1/random_fold_1_seed_2/models/ensirna/version_0/checkpoint/epoch17_step2826.ckpt,13124843,6ab12e643d5babffd002442688f00e4cedab45e18d1c6f24279fddbf93c5f12c,False
ensirna,siRBench/benchmark/competitors/runs/ensirna-main-v1/random_fold_1_seed_2,/SCRATCH/dtzim01/sirbench-revision-20260921/siRBench/benchmark/competitors/runs/ensirna-main-v1/random_fold_1_seed_2/models/ensirna/version_0/checkpoint/epoch1_step314.ckpt,13124633,90800ce6597831231e32dea5eeddd5fd88309035a8fce0cb7db2df6f6553b1aa,False
ensirna,siRBench/benchmark/competitors/runs/ensirna-main-v1/random_fold_1_seed_2,/SCRATCH/dtzim01/sirbench-revision-20260921/siRBench/benchmark/competitors/runs/ensirna-main-v1/random_fold_1_seed_2/models/ensirna/version_0/checkpoint/epoch23_step3768.ckpt,13124843,2c49c69602fcd2d57d53021ad16d2ea49ad8b479bf2bb50d662c50193c7d2619,False
ensirna,siRBench/benchmark/competitors/runs/ensirna-main-v1/random_fold_1_seed_2,/SCRATCH/dtzim01/sirbench-revision-20260921/siRBench/benchmark/competitors/runs/ensirna-main-v1/random_fold_1_seed_2/models/ensirna/version_0/checkpoint/epoch25_step4082.ckpt,13124843,ee50acca6185a9dfe022192cda98ad7f880795123fca8ca6b2436eb8c650606b,False
ensirna,siRBench/benchmark/competitors/runs/ensirna-main-v1/random_fold_1_seed_2,/SCRATCH/dtzim01/sirbench-revision-20260921/siRBench/benchmark/competitors/runs/ensirna-main-v1/random_fold_1_seed_2/models/ensirna/version_0/checkpoint/epoch3_step628.ckpt,13124633,65ae4d46fbfee752cf31c15e5f7dd56f008a57055d53995463294672e0387d74,False
ensirna,siRBench/benchmark/competitors/runs/ensirna-main-v1/random_fold_1_seed_2,/SCRATCH/dtzim01/sirbench-revision-20260921/siRBench/benchmark/competitors/runs/ensirna-main-v1/random_fold_1_seed_2/models/ensirna/version_0/checkpoint/epoch40_step6437.ckpt,13124843,639de1765eb2dd79105cf8889e76461a4dad2d3e993952248c441fc70389d9e7,False
ensirna,siRBench/benchmark/competitors/runs/ensirna-main-v1/random_fold_1_seed_2,/SCRATCH/dtzim01/sirbench-revision-20260921/siRBench/benchmark/competitors/runs/ensirna-main-v1/random_fold_1_seed_2/models/ensirna/version_0/events.out.tfevents.1790036123.7ea684149541.51.0,545847,b9731d8c52f01806ab41c463decdee632eb2c8093ccad323ea48f949a6459009,False
ensirna,siRBench/benchmark/competitors/runs/ensirna-main-v1/random_fold_2_seed_0,/SCRATCH/dtzim01/sirbench-revision-20260921/siRBench/benchmark/competitors/runs/ensirna-main-v1/random_fold_2_seed_0/models/ensirna/version_0/checkpoint/epoch18_step2983.ckpt,13124843,523b63b9cc0442fd2eb503c07a192e74227078120e72e3226e605d0969222ba3,False
ensirna,siRBench/benchmark/competitors/runs/ensirna-main-v1/random_fold_2_seed_0,/SCRATCH/dtzim01/sirbench-revision-20260921/siRBench/benchmark/competitors/runs/ensirna-main-v1/random_fold_2_seed_0/models/ensirna/version_0/checkpoint/epoch20_step3297.ckpt,13124843,c5dccdb2c92ca5573ea2d5911e1dbd2cbf8b9dc479e527f511e4ce6046bfba4e,False
ensirna,siRBench/benchmark/competitors/runs/ensirna-main-v1/random_fold_2_seed_0,/SCRATCH/dtzim01/sirbench-revision-20260921/siRBench/benchmark/competitors/runs/ensirna-main-v1/random_fold_2_seed_0/models/ensirna/version_0/checkpoint/epoch24_step3925.ckpt,13124843,b09f95cf9ff9167c73da030be8dcb294d69772f5b153cab9244f567f641450bf,False
ensirna,siRBench/benchmark/competitors/runs/ensirna-main-v1/random_fold_2_seed_0,/SCRATCH/dtzim01/sirbench-revision-20260921/siRBench/benchmark/competitors/runs/ensirna-main-v1/random_fold_2_seed_0/models/ensirna/version_0/checkpoint/epoch27_step4396.ckpt,13124843,3b1f527a253e95ce44297f2836210942756561146431c335200b7cfbaac8657a,False
ensirna,siRBench/benchmark/competitors/runs/ensirna-main-v1/random_fold_2_seed_0,/SCRATCH/dtzim01/sirbench-revision-20260921/siRBench/benchmark/competitors/runs/ensirna-main-v1/random_fold_2_seed_0/models/ensirna/version_0/checkpoint/epoch29_step4710.ckpt,13124843,10a40c7d06998b5fa193a60eab3439f1294c3a6e433e4cbeb3fabfa0a3abc8f9,False
ensirna,siRBench/benchmark/competitors/runs/ensirna-main-v1/random_fold_2_seed_0,/SCRATCH/dtzim01/sirbench-revision-20260921/siRBench/benchmark/competitors/runs/ensirna-main-v1/random_fold_2_seed_0/models/ensirna/version_0/checkpoint/epoch32_step5181.ckpt,13124843,48c997b0411e32273e26f5255c61e2ee613e33245f9fcef2eea3bbed44ce737f,False
ensirna,siRBench/benchmark/competitors/runs/ensirna-main-v1/random_fold_2_seed_0,/SCRATCH/dtzim01/sirbench-revision-20260921/siRBench/benchmark/competitors/runs/ensirna-main-v1/random_fold_2_seed_0/models/ensirna/version_0/checkpoint/epoch42_step6751.ckpt,13124843,acafc689195d6216f1357d8f1632aa027216919f814196fe19151f48f6248461,False
ensirna,siRBench/benchmark/competitors/runs/ensirna-main-v1/random_fold_2_seed_0,/SCRATCH/dtzim01/sirbench-revision-20260921/siRBench/benchmark/competitors/runs/ensirna-main-v1/random_fold_2_seed_0/models/ensirna/version_0/checkpoint/epoch43_step6908.ckpt,13124843,b951020ea4a8f91f25158d897ddd785eedc249292f9d487dd9e400161a226ee9,False
ensirna,siRBench/benchmark/competitors/runs/ensirna-main-v1/random_fold_2_seed_0,/SCRATCH/dtzim01/sirbench-revision-20260921/siRBench/benchmark/competitors/runs/ensirna-main-v1/random_fold_2_seed_0/models/ensirna/version_0/checkpoint/epoch55_step8792.ckpt,13124843,e683873c015f4f03546fc21d2efe257d02893ccf9457b8e9915e47a29c933a60,False
ensirna,siRBench/benchmark/competitors/runs/ensirna-main-v1/random_fold_2_seed_0,/SCRATCH/dtzim01/sirbench-revision-20260921/siRBench/benchmark/competitors/runs/ensirna-main-v1/random_fold_2_seed_0/models/ensirna/version_0/checkpoint/epoch65_step10362.ckpt,13124948,23395cec589b71dfd732ed62c17aa11ec272e451297a8af6bc6d551063f8d924,False
ensirna,siRBench/benchmark/competitors/runs/ensirna-main-v1/random_fold_2_seed_0,/SCRATCH/dtzim01/sirbench-revision-20260921/siRBench/benchmark/competitors/runs/ensirna-main-v1/random_fold_2_seed_0/models/ensirna/version_0/events.out.tfevents.1790031839.b6f700119472.7.0,769572,59b55a4235120037cf12c3958934da2c31fbb58a8cb8ed5f5884ba899f0d9f7d,False
ensirna,siRBench/benchmark/competitors/runs/ensirna-main-v1/random_fold_2_seed_1,/SCRATCH/dtzim01/sirbench-revision-20260921/siRBench/benchmark/competitors/runs/ensirna-main-v1/random_fold_2_seed_1/models/ensirna/version_0/checkpoint/epoch13_step2198.ckpt,13124843,f41345f92759719986c2d1d8be571b158e6069d9186a746633cd2c78dd028c48,False
ensirna,siRBench/benchmark/competitors/runs/ensirna-main-v1/random_fold_2_seed_1,/SCRATCH/dtzim01/sirbench-revision-20260921/siRBench/benchmark/competitors/runs/ensirna-main-v1/random_fold_2_seed_1/models/ensirna/version_0/checkpoint/epoch14_step2355.ckpt,13124843,cfaca161a2f8fde12afcd23cfc6cb1670445a7117febd3f6d6a11e33708c275b,False
ensirna,siRBench/benchmark/competitors/runs/ensirna-main-v1/random_fold_2_seed_1,/SCRATCH/dtzim01/sirbench-revision-20260921/siRBench/benchmark/competitors/runs/ensirna-main-v1/random_fold_2_seed_1/models/ensirna/version_0/checkpoint/epoch16_step2669.ckpt,13124843,fbb2ad05ea9495c0abe6c03d5834aa564276d274d4070eb9e8dda854d7c381ab,False
ensirna,siRBench/benchmark/competitors/runs/ensirna-main-v1/random_fold_2_seed_1,/SCRATCH/dtzim01/sirbench-revision-20260921/siRBench/benchmark/competitors/runs/ensirna-main-v1/random_fold_2_seed_1/models/ensirna/version_0/checkpoint/epoch17_step2826.ckpt,13124843,b05d903bad3fca81becebca6b9120c41f6c6343f8d602fe9ead4d789acc26655,False
ensirna,siRBench/benchmark/competitors/runs/ensirna-main-v1/random_fold_2_seed_1,/SCRATCH/dtzim01/sirbench-revision-20260921/siRBench/benchmark/competitors/runs/ensirna-main-v1/random_fold_2_seed_1/models/ensirna/version_0/checkpoint/epoch18_step2983.ckpt,13124843,c2d2dcfe02e4aeb8444bc696e2dbe117eb637405f5b3c7017a4d4fd6aec02969,False
ensirna,siRBench/benchmark/competitors/runs/ensirna-main-v1/random_fold_2_seed_1,/SCRATCH/dtzim01/sirbench-revision-20260921/siRBench/benchmark/competitors/runs/ensirna-main-v1/random_fold_2_seed_1/models/ensirna/version_0/checkpoint/epoch20_step3297.ckpt,13124843,e7476637b62482d829324218fcd06672fb9e772dcb2df74a9584db9e2ff28b58,False
ensirna,siRBench/benchmark/competitors/runs/ensirna-main-v1/random_fold_2_seed_1,/SCRATCH/dtzim01/sirbench-revision-20260921/siRBench/benchmark/competitors/runs/ensirna-main-v1/random_fold_2_seed_1/models/ensirna/version_0/checkpoint/epoch25_step4082.ckpt,13124843,6d75ea37ad39519ee62316c23b3a5b19249aa2e6a5f87a87e80df89f4f387b0a,False
ensirna,siRBench/benchmark/competitors/runs/ensirna-main-v1/random_fold_2_seed_1,/SCRATCH/dtzim01/sirbench-revision-20260921/siRBench/benchmark/competitors/runs/ensirna-main-v1/random_fold_2_seed_1/models/ensirna/version_0/checkpoint/epoch26_step4239.ckpt,13124843,8dafa3d444276c2fd44468088e55d8aecdd3af4b37c4c1e80b06f725d655ade2,False
ensirna,siRBench/benchmark/competitors/runs/ensirna-main-v1/random_fold_2_seed_1,/SCRATCH/dtzim01/sirbench-revision-20260921/siRBench/benchmark/competitors/runs/ensirna-main-v1/random_fold_2_seed_1/models/ensirna/version_0/checkpoint/epoch39_step6280.ckpt,13124843,3e9f889eac0f1ce7172283ad09b41ac217bb4d91eccab8a10b426994065d64d7,False
ensirna,siRBench/benchmark/competitors/runs/ensirna-main-v1/random_fold_2_seed_1,/SCRATCH/dtzim01/sirbench-revision-20260921/siRBench/benchmark/competitors/runs/ensirna-main-v1/random_fold_2_seed_1/models/ensirna/version_0/checkpoint/epoch54_step8635.ckpt,13124843,a6e7198ab53b85adb148a4ecc1d8ff4dfbfc5c70208b68a82215e6268c256026,False
ensirna,siRBench/benchmark/competitors/runs/ensirna-main-v1/random_fold_2_seed_1,/SCRATCH/dtzim01/sirbench-revision-20260921/siRBench/benchmark/competitors/runs/ensirna-main-v1/random_fold_2_seed_1/models/ensirna/version_0/events.out.tfevents.1790031838.10b3740627ce.6.0,671133,63406d2ddfd987fa70ee5857458b23e889abfc1a8160dd0da9345f882f18615c,False
ensirna,siRBench/benchmark/competitors/runs/ensirna-main-v1/random_fold_2_seed_2,/SCRATCH/dtzim01/sirbench-revision-20260921/siRBench/benchmark/competitors/runs/ensirna-main-v1/random_fold_2_seed_2/models/ensirna/version_0/checkpoint/epoch13_step2198.ckpt,13124843,41816f78b1a2d851ca5d77df198bc4f2b8e810e30eb2e4bf4290d8446ee58d14,False
ensirna,siRBench/benchmark/competitors/runs/ensirna-main-v1/random_fold_2_seed_2,/SCRATCH/dtzim01/sirbench-revision-20260921/siRBench/benchmark/competitors/runs/ensirna-main-v1/random_fold_2_seed_2/models/ensirna/version_0/checkpoint/epoch14_step2355.ckpt,13124843,a7fd1d2ad0b622027721243ceaa786f5a37d5029b8a5f0836dbcc906ca198e26,False
ensirna,siRBench/benchmark/competitors/runs/ensirna-main-v1/random_fold_2_seed_2,/SCRATCH/dtzim01/sirbench-revision-20260921/siRBench/benchmark/competitors/runs/ensirna-main-v1/random_fold_2_seed_2/models/ensirna/version_0/checkpoint/epoch16_step2669.ckpt,13124843,0c884ba4fa7877be9c7c518381f722b378879c8e05171af081b5c20e6c5e495d,False
ensirna,siRBench/benchmark/competitors/runs/ensirna-main-v1/random_fold_2_seed_2,/SCRATCH/dtzim01/sirbench-revision-20260921/siRBench/benchmark/competitors/runs/ensirna-main-v1/random_fold_2_seed_2/models/ensirna/version_0/checkpoint/epoch19_step3140.ckpt,13124843,e313a6ec06c9003f101d087e31a7d11ac080fbbb3efb39e9ceacbbda27c5c2e3,False
ensirna,siRBench/benchmark/competitors/runs/ensirna-main-v1/random_fold_2_seed_2,/SCRATCH/dtzim01/sirbench-revision-20260921/siRBench/benchmark/competitors/runs/ensirna-main-v1/random_fold_2_seed_2/models/ensirna/version_0/checkpoint/epoch20_step3297.ckpt,13124843,bab48b77598b72f52fcfcbdcc4f87c9b2ebfc33b28983df0b37cfc52a35967c5,False
ensirna,siRBench/benchmark/competitors/runs/ensirna-main-v1/random_fold_2_seed_2,/SCRATCH/dtzim01/sirbench-revision-20260921/siRBench/benchmark/competitors/runs/ensirna-main-v1/random_fold_2_seed_2/models/ensirna/version_0/checkpoint/epoch22_step3611.ckpt,13124843,c8532df75c8aaa607b5c28c8f44632745f78e649e7da7079a166044bbdcbb747,False
ensirna,siRBench/benchmark/competitors/runs/ensirna-main-v1/random_fold_2_seed_2,/SCRATCH/dtzim01/sirbench-revision-20260921/siRBench/benchmark/competitors/runs/ensirna-main-v1/random_fold_2_seed_2/models/ensirna/version_0/checkpoint/epoch23_step3768.ckpt,13124843,782698709656cb80900fa20d00689520d274eb57e801aa41f885288adde5d414,False
ensirna,siRBench/benchmark/competitors/runs/ensirna-main-v1/random_fold_2_seed_2,/SCRATCH/dtzim01/sirbench-revision-20260921/siRBench/benchmark/competitors/runs/ensirna-main-v1/random_fold_2_seed_2/models/ensirna/version_0/checkpoint/epoch43_step6908.ckpt,13124843,5d509d8881bf39a304b6a3cb36198f856042b8341d29f1bc485344b65872d790,False
ensirna,siRBench/benchmark/competitors/runs/ensirna-main-v1/random_fold_2_seed_2,/SCRATCH/dtzim01/sirbench-revision-20260921/siRBench/benchmark/competitors/runs/ensirna-main-v1/random_fold_2_seed_2/models/ensirna/version_0/checkpoint/epoch48_step7693.ckpt,13124843,01567893752728be0a12a47f83bbd857f6c9becaf7f1cc5ccc645dd4663f77aa,False
ensirna,siRBench/benchmark/competitors/runs/ensirna-main-v1/random_fold_2_seed_2,/SCRATCH/dtzim01/sirbench-revision-20260921/siRBench/benchmark/competitors/runs/ensirna-main-v1/random_fold_2_seed_2/models/ensirna/version_0/checkpoint/epoch59_step9420.ckpt,13124843,00431234b11e57c8b00ee347da70812f03523932de69f3de83f39695b6ad6697,False
ensirna,siRBench/benchmark/competitors/runs/ensirna-main-v1/random_fold_2_seed_2,/SCRATCH/dtzim01/sirbench-revision-20260921/siRBench/benchmark/competitors/runs/ensirna-main-v1/random_fold_2_seed_2/models/ensirna/version_0/events.out.tfevents.1790034245.f8b70973ce04.6.0,715878,ef58c256eea95c5f4f36266f663873b47bf35169bac0c55e94e9486d38ad6b95,False
ensirna,siRBench/benchmark/competitors/runs/ensirna-main-v1/random_fold_3_seed_0,/SCRATCH/dtzim01/sirbench-revision-20260921/siRBench/benchmark/competitors/runs/ensirna-main-v1/random_fold_3_seed_0/models/ensirna/version_0/checkpoint/epoch21_step3454.ckpt,13124843,a2e13fafc992e943fc5ae10f03c684add5362c787cb418804db8bf671bbdf7cf,False
ensirna,siRBench/benchmark/competitors/runs/ensirna-main-v1/random_fold_3_seed_0,/SCRATCH/dtzim01/sirbench-revision-20260921/siRBench/benchmark/competitors/runs/ensirna-main-v1/random_fold_3_seed_0/models/ensirna/version_0/checkpoint/epoch24_step3925.ckpt,13124843,571b781927d8d212f7854bf59eea546cb8dd9f131afcee8a5bd39c153a44019a,False
ensirna,siRBench/benchmark/competitors/runs/ensirna-main-v1/random_fold_3_seed_0,/SCRATCH/dtzim01/sirbench-revision-20260921/siRBench/benchmark/competitors/runs/ensirna-main-v1/random_fold_3_seed_0/models/ensirna/version_0/checkpoint/epoch27_step4396.ckpt,13124843,e22d4df4a784eaa5510037f8091c54849d1f63382c09b963e571e65ded632640,False
ensirna,siRBench/benchmark/competitors/runs/ensirna-main-v1/random_fold_3_seed_0,/SCRATCH/dtzim01/sirbench-revision-20260921/siRBench/benchmark/competitors/runs/ensirna-main-v1/random_fold_3_seed_0/models/ensirna/version_0/checkpoint/epoch29_step4710.ckpt,13124843,5a458a231c8780475d0677272de2baab60dabf0b37c8a25d072bb124f9749729,False
ensirna,siRBench/benchmark/competitors/runs/ensirna-main-v1/random_fold_3_seed_0,/SCRATCH/dtzim01/sirbench-revision-20260921/siRBench/benchmark/competitors/runs/ensirna-main-v1/random_fold_3_seed_0/models/ensirna/version_0/checkpoint/epoch33_step5338.ckpt,13124843,71f6972da66f599e54bd8f1264801a8fc10e914f7fffb39e284b38ba8d40b44b,False
ensirna,siRBench/benchmark/competitors/runs/ensirna-main-v1/random_fold_3_seed_0,/SCRATCH/dtzim01/sirbench-revision-20260921/siRBench/benchmark/competitors/runs/ensirna-main-v1/random_fold_3_seed_0/models/ensirna/version_0/checkpoint/epoch39_step6280.ckpt,13124843,cb680c9addee39d19e08dec1d13df30ad0075844f4c131edd1e14fda44667efc,False
ensirna,siRBench/benchmark/competitors/runs/ensirna-main-v1/random_fold_3_seed_0,/SCRATCH/dtzim01/sirbench-revision-20260921/siRBench/benchmark/competitors/runs/ensirna-main-v1/random_fold_3_seed_0/models/ensirna/version_0/checkpoint/epoch43_step6908.ckpt,13124843,829c2e8f583b4378a2d719a89edca4210be5ab4e9a6d067041f849f95793f056,False
ensirna,siRBench/benchmark/competitors/runs/ensirna-main-v1/random_fold_3_seed_0,/SCRATCH/dtzim01/sirbench-revision-20260921/siRBench/benchmark/competitors/runs/ensirna-main-v1/random_fold_3_seed_0/models/ensirna/version_0/checkpoint/epoch44_step7065.ckpt,13124843,5896cd9872705bb64d0a7552064f103f5eee9718200adcdddafd688c1acd74d8,False
ensirna,siRBench/benchmark/competitors/runs/ensirna-main-v1/random_fold_3_seed_0,/SCRATCH/dtzim01/sirbench-revision-20260921/siRBench/benchmark/competitors/runs/ensirna-main-v1/random_fold_3_seed_0/models/ensirna/version_0/checkpoint/epoch48_step7693.ckpt,13124843,288a8d169773307888c5eac53a82827ef5e5ed40517ad960db3405485d0bd762,False
ensirna,siRBench/benchmark/competitors/runs/ensirna-main-v1/random_fold_3_seed_0,/SCRATCH/dtzim01/sirbench-revision-20260921/siRBench/benchmark/competitors/runs/ensirna-main-v1/random_fold_3_seed_0/models/ensirna/version_0/checkpoint/epoch57_step9106.ckpt,13124843,a0f511ed9f2fa846d745f7776726f7b2126cae43eaa2a7aa7c8fba2d74c496e5,False
ensirna,siRBench/benchmark/competitors/runs/ensirna-main-v1/random_fold_3_seed_0,/SCRATCH/dtzim01/sirbench-revision-20260921/siRBench/benchmark/competitors/runs/ensirna-main-v1/random_fold_3_seed_0/models/ensirna/version_0/events.out.tfevents.1790029669.c5176c5c7405.7.0,697980,3832e9b07e1a324e7a7ec27a8ceeb6cf7bf4462c211c603d1b690ceb1e901615,False
ensirna,siRBench/benchmark/competitors/runs/ensirna-main-v1/random_fold_3_seed_1,/SCRATCH/dtzim01/sirbench-revision-20260921/siRBench/benchmark/competitors/runs/ensirna-main-v1/random_fold_3_seed_1/models/ensirna/version_0/checkpoint/epoch19_step3140.ckpt,13124843,4bfd1a9ce2fe9cde09d3169c519272d3c23cfc0ff3f0c3509b88c8327fde1974,False
ensirna,siRBench/benchmark/competitors/runs/ensirna-main-v1/random_fold_3_seed_1,/SCRATCH/dtzim01/sirbench-revision-20260921/siRBench/benchmark/competitors/runs/ensirna-main-v1/random_fold_3_seed_1/models/ensirna/version_0/checkpoint/epoch20_step3297.ckpt,13124843,07da7795c5c9772c1615a849747b790ff18f72bcf4645685f1c9fc2a875a6568,False
ensirna,siRBench/benchmark/competitors/runs/ensirna-main-v1/random_fold_3_seed_1,/SCRATCH/dtzim01/sirbench-revision-20260921/siRBench/benchmark/competitors/runs/ensirna-main-v1/random_fold_3_seed_1/models/ensirna/version_0/checkpoint/epoch21_step3454.ckpt,13124843,a2c77fd08f9a402fb5c96029c624e12e3a5e73810ee138d80d4d570b34fcbed1,False
ensirna,siRBench/benchmark/competitors/runs/ensirna-main-v1/random_fold_3_seed_1,/SCRATCH/dtzim01/sirbench-revision-20260921/siRBench/benchmark/competitors/runs/ensirna-main-v1/random_fold_3_seed_1/models/ensirna/version_0/checkpoint/epoch23_step3768.ckpt,13124843,fa86ba35a0426932f300d063abfdf185231ec6711c28f59274d4446ccf3f5aee,False
ensirna,siRBench/benchmark/competitors/runs/ensirna-main-v1/random_fold_3_seed_1,/SCRATCH/dtzim01/sirbench-revision-20260921/siRBench/benchmark/competitors/runs/ensirna-main-v1/random_fold_3_seed_1/models/ensirna/version_0/checkpoint/epoch24_step3925.ckpt,13124843,8be92f1a6339f4de225a5d1fa0e97f2307e5ccf480b47b10f9cfeaa86e7f6319,False
ensirna,siRBench/benchmark/competitors/runs/ensirna-main-v1/random_fold_3_seed_1,/SCRATCH/dtzim01/sirbench-revision-20260921/siRBench/benchmark/competitors/runs/ensirna-main-v1/random_fold_3_seed_1/models/ensirna/version_0/checkpoint/epoch28_step4553.ckpt,13124843,6dd98123ed3930faa18db19b0381f125fb4912bf57828b5be0d85ebeb0b13a64,False
ensirna,siRBench/benchmark/competitors/runs/ensirna-main-v1/random_fold_3_seed_1,/SCRATCH/dtzim01/sirbench-revision-20260921/siRBench/benchmark/competitors/runs/ensirna-main-v1/random_fold_3_seed_1/models/ensirna/version_0/checkpoint/epoch31_step5024.ckpt,13124843,2a1e994ca35fd69d744ce90ba1914a573ba15105917c2fa7ef988869436f51cf,False
ensirna,siRBench/benchmark/competitors/runs/ensirna-main-v1/random_fold_3_seed_1,/SCRATCH/dtzim01/sirbench-revision-20260921/siRBench/benchmark/competitors/runs/ensirna-main-v1/random_fold_3_seed_1/models/ensirna/version_0/checkpoint/epoch33_step5338.ckpt,13124843,e20b3a2477e19b4bf17a54aa7f4bc40d976840b1c68abed2084c5e19ac0303f7,False
ensirna,siRBench/benchmark/competitors/runs/ensirna-main-v1/random_fold_3_seed_1,/SCRATCH/dtzim01/sirbench-revision-20260921/siRBench/benchmark/competitors/runs/ensirna-main-v1/random_fold_3_seed_1/models/ensirna/version_0/checkpoint/epoch40_step6437.ckpt,13124843,ad1d1f4fc0fb876e5868f0177b2ecf3c66c611152de8bdf54fc0b7a1b366e3a2,False
ensirna,siRBench/benchmark/competitors/runs/ensirna-main-v1/random_fold_3_seed_1,/SCRATCH/dtzim01/sirbench-revision-20260921/siRBench/benchmark/competitors/runs/ensirna-main-v1/random_fold_3_seed_1/models/ensirna/version_0/checkpoint/epoch46_step7379.ckpt,13124843,2742bd82730b124deb76880c9d0d69cdc600a3dc4343ae03aff71ef1847ced8e,False
ensirna,siRBench/benchmark/competitors/runs/ensirna-main-v1/random_fold_3_seed_1,/SCRATCH/dtzim01/sirbench-revision-20260921/siRBench/benchmark/competitors/runs/ensirna-main-v1/random_fold_3_seed_1/models/ensirna/version_0/events.out.tfevents.1790029669.ef2f37e49974.7.0,599541,bb3216a698e4ee0378fda6f4cb3af03753c980a02c2e758968dcf9c47e768974,False
ensirna,siRBench/benchmark/competitors/runs/ensirna-main-v1/random_fold_3_seed_2,/SCRATCH/dtzim01/sirbench-revision-20260921/siRBench/benchmark/competitors/runs/ensirna-main-v1/random_fold_3_seed_2/models/ensirna/version_0/checkpoint/epoch22_step3611.ckpt,13124843,5eb427cf4742065a24acd5c5980fe112394179f6ad1e5adfcbe7e7cf9947116b,False
ensirna,siRBench/benchmark/competitors/runs/ensirna-main-v1/random_fold_3_seed_2,/SCRATCH/dtzim01/sirbench-revision-20260921/siRBench/benchmark/competitors/runs/ensirna-main-v1/random_fold_3_seed_2/models/ensirna/version_0/checkpoint/epoch27_step4396.ckpt,13124843,340b1161d1cd5c74aa036b08bff42a119f13029df8e4deab65e1b0458898efae,False
ensirna,siRBench/benchmark/competitors/runs/ensirna-main-v1/random_fold_3_seed_2,/SCRATCH/dtzim01/sirbench-revision-20260921/siRBench/benchmark/competitors/runs/ensirna-main-v1/random_fold_3_seed_2/models/ensirna/version_0/checkpoint/epoch28_step4553.ckpt,13124843,b9b74225ac6f26e725a146ebfd8a9e085c7ed4794aaa60e19f6f27998dbf57f7,False
ensirna,siRBench/benchmark/competitors/runs/ensirna-main-v1/random_fold_3_seed_2,/SCRATCH/dtzim01/sirbench-revision-20260921/siRBench/benchmark/competitors/runs/ensirna-main-v1/random_fold_3_seed_2/models/ensirna/version_0/checkpoint/epoch32_step5181.ckpt,13124843,00c6fe3d81a90873cc3ca60d39d048340a34805778013e0b79c1ed2f5e637722,False
ensirna,siRBench/benchmark/competitors/runs/ensirna-main-v1/random_fold_3_seed_2,/SCRATCH/dtzim01/sirbench-revision-20260921/siRBench/benchmark/competitors/runs/ensirna-main-v1/random_fold_3_seed_2/models/ensirna/version_0/checkpoint/epoch34_step5495.ckpt,13124843,8df9dbc3dcc4f90dbb44eac0768f85643d7e20f3982c3a186f93584329cdecff,False
ensirna,siRBench/benchmark/competitors/runs/ensirna-main-v1/random_fold_3_seed_2,/SCRATCH/dtzim01/sirbench-revision-20260921/siRBench/benchmark/competitors/runs/ensirna-main-v1/random_fold_3_seed_2/models/ensirna/version_0/checkpoint/epoch35_step5652.ckpt,13124843,1068ffbcb71e64f4091b6d3760d6e51cdb05275133bc3c993c13625ebaf10a55,False
ensirna,siRBench/benchmark/competitors/runs/ensirna-main-v1/random_fold_3_seed_2,/SCRATCH/dtzim01/sirbench-revision-20260921/siRBench/benchmark/competitors/runs/ensirna-main-v1/random_fold_3_seed_2/models/ensirna/version_0/checkpoint/epoch36_step5809.ckpt,13124843,408d110d43ac348a88a0285fd94f07be38ca3e14d28a94fd91dde70375546229,False
ensirna,siRBench/benchmark/competitors/runs/ensirna-main-v1/random_fold_3_seed_2,/SCRATCH/dtzim01/sirbench-revision-20260921/siRBench/benchmark/competitors/runs/ensirna-main-v1/random_fold_3_seed_2/models/ensirna/version_0/checkpoint/epoch41_step6594.ckpt,13124843,0d72d0d91c4745d7098d79360c5636d1f2aefc46c441b22573e5c9ea1ec09021,False
ensirna,siRBench/benchmark/competitors/runs/ensirna-main-v1/random_fold_3_seed_2,/SCRATCH/dtzim01/sirbench-revision-20260921/siRBench/benchmark/competitors/runs/ensirna-main-v1/random_fold_3_seed_2/models/ensirna/version_0/checkpoint/epoch54_step8635.ckpt,13124843,b097c4ca01e424e53b450521277e3336e5cb12f02932b7bae76d165794cd8a01,False
ensirna,siRBench/benchmark/competitors/runs/ensirna-main-v1/random_fold_3_seed_2,/SCRATCH/dtzim01/sirbench-revision-20260921/siRBench/benchmark/competitors/runs/ensirna-main-v1/random_fold_3_seed_2/models/ensirna/version_0/checkpoint/epoch60_step9577.ckpt,13124843,24c97a26e16976588ac035675f4258a46982a16365673d994a3e06246ebc7248,False
ensirna,siRBench/benchmark/competitors/runs/ensirna-main-v1/random_fold_3_seed_2,/SCRATCH/dtzim01/sirbench-revision-20260921/siRBench/benchmark/competitors/runs/ensirna-main-v1/random_fold_3_seed_2/models/ensirna/version_0/events.out.tfevents.1790031827.dbfb64bae9f8.7.0,724827,ebc64dd3d87c190449a506a05613d81c3a9c17612c690319ecce7f2aed52f71d,False
ensirna,siRBench/benchmark/competitors/runs/ensirna-main-v1/random_fold_4_seed_0,/SCRATCH/dtzim01/sirbench-revision-20260921/siRBench/benchmark/competitors/runs/ensirna-main-v1/random_fold_4_seed_0/models/ensirna/version_0/checkpoint/epoch15_step2512.ckpt,13124843,3e00c5025999765410f1e0096b60ae99df41881a635368f165639f61ca6950e3,False
ensirna,siRBench/benchmark/competitors/runs/ensirna-main-v1/random_fold_4_seed_0,/SCRATCH/dtzim01/sirbench-revision-20260921/siRBench/benchmark/competitors/runs/ensirna-main-v1/random_fold_4_seed_0/models/ensirna/version_0/checkpoint/epoch17_step2826.ckpt,13124843,69dd79e7519ee4e1d76083a03b82239321e10c23e7aa24f4e011d7075147850c,False
ensirna,siRBench/benchmark/competitors/runs/ensirna-main-v1/random_fold_4_seed_0,/SCRATCH/dtzim01/sirbench-revision-20260921/siRBench/benchmark/competitors/runs/ensirna-main-v1/random_fold_4_seed_0/models/ensirna/version_0/checkpoint/epoch18_step2983.ckpt,13124843,5b6cdf354d507ad9e5b9cd37205a2fbfff000664037c23bdb17c092967cfc5a4,False
ensirna,siRBench/benchmark/competitors/runs/ensirna-main-v1/random_fold_4_seed_0,/SCRATCH/dtzim01/sirbench-revision-20260921/siRBench/benchmark/competitors/runs/ensirna-main-v1/random_fold_4_seed_0/models/ensirna/version_0/checkpoint/epoch21_step3454.ckpt,13124843,97ab5886425ea71bd73f860ae6984f3a36ffdcfeebbda5290b2d036ad60377ba,False
ensirna,siRBench/benchmark/competitors/runs/ensirna-main-v1/random_fold_4_seed_0,/SCRATCH/dtzim01/sirbench-revision-20260921/siRBench/benchmark/competitors/runs/ensirna-main-v1/random_fold_4_seed_0/models/ensirna/version_0/checkpoint/epoch24_step3925.ckpt,13124843,4ca21ae2ced61de7e99b218829f156587f9cd3b5d99e5bedac87163a5df44406,False
ensirna,siRBench/benchmark/competitors/runs/ensirna-main-v1/random_fold_4_seed_0,/SCRATCH/dtzim01/sirbench-revision-20260921/siRBench/benchmark/competitors/runs/ensirna-main-v1/random_fold_4_seed_0/models/ensirna/version_0/checkpoint/epoch31_step5024.ckpt,13124843,07c5599151f2d8e0bfd22be27af2e06ec0fb776a863e93b6ec3152c2c78b609b,False
ensirna,siRBench/benchmark/competitors/runs/ensirna-main-v1/random_fold_4_seed_0,/SCRATCH/dtzim01/sirbench-revision-20260921/siRBench/benchmark/competitors/runs/ensirna-main-v1/random_fold_4_seed_0/models/ensirna/version_0/checkpoint/epoch33_step5338.ckpt,13124843,6ce265536ed8a7ab34ee44b6ddb356cd7cee9ed3d61240d42343c633ca0ada32,False
ensirna,siRBench/benchmark/competitors/runs/ensirna-main-v1/random_fold_4_seed_0,/SCRATCH/dtzim01/sirbench-revision-20260921/siRBench/benchmark/competitors/runs/ensirna-main-v1/random_fold_4_seed_0/models/ensirna/version_0/checkpoint/epoch37_step5966.ckpt,13124843,38ded160e73f878d079daa93edd52c3a4dda7b2e174f773a6e1518c05b1b7033,False
ensirna,siRBench/benchmark/competitors/runs/ensirna-main-v1/random_fold_4_seed_0,/SCRATCH/dtzim01/sirbench-revision-20260921/siRBench/benchmark/competitors/runs/ensirna-main-v1/random_fold_4_seed_0/models/ensirna/version_0/checkpoint/epoch8_step1413.ckpt,13124738,849c4a374653d5345c0d144fa7115bc3b95c34ae00e2b04de2ad3db4627fd32b,False
ensirna,siRBench/benchmark/competitors/runs/ensirna-main-v1/random_fold_4_seed_0,/SCRATCH/dtzim01/sirbench-revision-20260921/siRBench/benchmark/competitors/runs/ensirna-main-v1/random_fold_4_seed_0/models/ensirna/version_0/checkpoint/epoch9_step1570.ckpt,13124738,437da1bf59b4c570c4fd8789484b7428221cc382a7c6143f7c083f6aad376bfd,False
ensirna,siRBench/benchmark/competitors/runs/ensirna-main-v1/random_fold_4_seed_0,/SCRATCH/dtzim01/sirbench-revision-20260921/siRBench/benchmark/competitors/runs/ensirna-main-v1/random_fold_4_seed_0/models/ensirna/version_0/events.out.tfevents.1790032133.fbde0229d823.7.0,519000,fec3e95080057323b6c311a220d9312dc4bf1943627a38141f8b211b04876832,False
ensirna,siRBench/benchmark/competitors/runs/ensirna-main-v1/random_fold_4_seed_1,/SCRATCH/dtzim01/sirbench-revision-20260921/siRBench/benchmark/competitors/runs/ensirna-main-v1/random_fold_4_seed_1/models/ensirna/version_0/checkpoint/epoch10_step1727.ckpt,13124843,bc8897a0f51fb010bc6bc5542c3ebfcad8af38075ee8bce0eeb755c831938ab4,False
ensirna,siRBench/benchmark/competitors/runs/ensirna-main-v1/random_fold_4_seed_1,/SCRATCH/dtzim01/sirbench-revision-20260921/siRBench/benchmark/competitors/runs/ensirna-main-v1/random_fold_4_seed_1/models/ensirna/version_0/checkpoint/epoch11_step1884.ckpt,13124843,3e13b4cd88a36ab5d17cc1df1ceaa98ffee61dd08b116cba0ae476ed4c38af89,False
ensirna,siRBench/benchmark/competitors/runs/ensirna-main-v1/random_fold_4_seed_1,/SCRATCH/dtzim01/sirbench-revision-20260921/siRBench/benchmark/competitors/runs/ensirna-main-v1/random_fold_4_seed_1/models/ensirna/version_0/checkpoint/epoch13_step2198.ckpt,13124843,18cf0719b48a77639414e9e348e68142303ba92cdd83cfcc51330dd4fdd26940,False
ensirna,siRBench/benchmark/competitors/runs/ensirna-main-v1/random_fold_4_seed_1,/SCRATCH/dtzim01/sirbench-revision-20260921/siRBench/benchmark/competitors/runs/ensirna-main-v1/random_fold_4_seed_1/models/ensirna/version_0/checkpoint/epoch14_step2355.ckpt,13124843,43a605133387274705ecba7a38bc7c4ae4c9091a459166f2c52505883da28b8c,False
ensirna,siRBench/benchmark/competitors/runs/ensirna-main-v1/random_fold_4_seed_1,/SCRATCH/dtzim01/sirbench-revision-20260921/siRBench/benchmark/competitors/runs/ensirna-main-v1/random_fold_4_seed_1/models/ensirna/version_0/checkpoint/epoch27_step4396.ckpt,13124843,ede4a62390bfd0c1316fdeec9680c4221997d43a737a1b416f4cea45764022a9,False
ensirna,siRBench/benchmark/competitors/runs/ensirna-main-v1/random_fold_4_seed_1,/SCRATCH/dtzim01/sirbench-revision-20260921/siRBench/benchmark/competitors/runs/ensirna-main-v1/random_fold_4_seed_1/models/ensirna/version_0/checkpoint/epoch28_step4553.ckpt,13124843,eda2ae0a8029b7a9248f21b47094a01d9f6c437163a4338755e530520c0ad095,False
ensirna,siRBench/benchmark/competitors/runs/ensirna-main-v1/random_fold_4_seed_1,/SCRATCH/dtzim01/sirbench-revision-20260921/siRBench/benchmark/competitors/runs/ensirna-main-v1/random_fold_4_seed_1/models/ensirna/version_0/checkpoint/epoch31_step5024.ckpt,13124843,15ad5f9f76471c293e991cc59ea089d0e9dcc2d5306308f112203fd98e02d641,False
ensirna,siRBench/benchmark/competitors/runs/ensirna-main-v1/random_fold_4_seed_1,/SCRATCH/dtzim01/sirbench-revision-20260921/siRBench/benchmark/competitors/runs/ensirna-main-v1/random_fold_4_seed_1/models/ensirna/version_0/checkpoint/epoch43_step6908.ckpt,13124843,1c9b19b55c20d8be671b07c46b514e6674a6aa5a76297fc69c4ecf91016a7175,False
ensirna,siRBench/benchmark/competitors/runs/ensirna-main-v1/random_fold_4_seed_1,/SCRATCH/dtzim01/sirbench-revision-20260921/siRBench/benchmark/competitors/runs/ensirna-main-v1/random_fold_4_seed_1/models/ensirna/version_0/checkpoint/epoch6_step1099.ckpt,13124738,fc66f847353ac8d1cac12a60d3a87605a2793f9f66f88abc176367ff66977d04,False
ensirna,siRBench/benchmark/competitors/runs/ensirna-main-v1/random_fold_4_seed_1,/SCRATCH/dtzim01/sirbench-revision-20260921/siRBench/benchmark/competitors/runs/ensirna-main-v1/random_fold_4_seed_1/models/ensirna/version_0/checkpoint/epoch7_step1256.ckpt,13124738,b6ee83f139647d8ae0941c3f50ef6a9e51fb911b35a54933e94dcadbd9373980,False
ensirna,siRBench/benchmark/competitors/runs/ensirna-main-v1/random_fold_4_seed_1,/SCRATCH/dtzim01/sirbench-revision-20260921/siRBench/benchmark/competitors/runs/ensirna-main-v1/random_fold_4_seed_1/models/ensirna/version_0/events.out.tfevents.1790034008.a4f426856f79.7.0,572694,e7631607ef38286ec8556d754e83280317b0223adb708d9b157d0a1da47edd20,False
ensirna,siRBench/benchmark/competitors/runs/ensirna-main-v1/random_fold_4_seed_2,/SCRATCH/dtzim01/sirbench-revision-20260921/siRBench/benchmark/competitors/runs/ensirna-main-v1/random_fold_4_seed_2/models/ensirna/version_0/checkpoint/epoch0_step157.ckpt,13124633,0c0ce725aff24ba9176b25905693a28f6268a188b3c8e10ceabdc434b067910a,False
ensirna,siRBench/benchmark/competitors/runs/ensirna-main-v1/random_fold_4_seed_2,/SCRATCH/dtzim01/sirbench-revision-20260921/siRBench/benchmark/competitors/runs/ensirna-main-v1/random_fold_4_seed_2/models/ensirna/version_0/checkpoint/epoch13_step2198.ckpt,13124843,8f436fe1956db0b445bb364451878cbd26b865b830e8a994360f2f89388fbfb0,False
ensirna,siRBench/benchmark/competitors/runs/ensirna-main-v1/random_fold_4_seed_2,/SCRATCH/dtzim01/sirbench-revision-20260921/siRBench/benchmark/competitors/runs/ensirna-main-v1/random_fold_4_seed_2/models/ensirna/version_0/checkpoint/epoch14_step2355.ckpt,13124843,8561258083ca5f44e1c20cf6921efb3a6fbf0eb0abc4142c7273f3f8f4583060,False
ensirna,siRBench/benchmark/competitors/runs/ensirna-main-v1/random_fold_4_seed_2,/SCRATCH/dtzim01/sirbench-revision-20260921/siRBench/benchmark/competitors/runs/ensirna-main-v1/random_fold_4_seed_2/models/ensirna/version_0/checkpoint/epoch19_step3140.ckpt,13124843,21cfc55b006df7b9a5422d2f7cc48c91e23ed3355ebac55fb8bd72023ab5e696,False
ensirna,siRBench/benchmark/competitors/runs/ensirna-main-v1/random_fold_4_seed_2,/SCRATCH/dtzim01/sirbench-revision-20260921/siRBench/benchmark/competitors/runs/ensirna-main-v1/random_fold_4_seed_2/models/ensirna/version_0/checkpoint/epoch1_step314.ckpt,13124633,9f1686e28a5ac4d2d43f7e83d9ed7c1d8c15fb1a5bb5b58149341863441739be,False
ensirna,siRBench/benchmark/competitors/runs/ensirna-main-v1/random_fold_4_seed_2,/SCRATCH/dtzim01/sirbench-revision-20260921/siRBench/benchmark/competitors/runs/ensirna-main-v1/random_fold_4_seed_2/models/ensirna/version_0/checkpoint/epoch24_step3925.ckpt,13124843,db36738b2f6780f69f885861d29936929d83eec16179feaa6d57e29a485728e4,False
ensirna,siRBench/benchmark/competitors/runs/ensirna-main-v1/random_fold_4_seed_2,/SCRATCH/dtzim01/sirbench-revision-20260921/siRBench/benchmark/competitors/runs/ensirna-main-v1/random_fold_4_seed_2/models/ensirna/version_0/checkpoint/epoch27_step4396.ckpt,13124843,88c6e54fcf85449d6ec70c4f81b5278f3d9a5f32163fad557661d2ff45007f4b,False
ensirna,siRBench/benchmark/competitors/runs/ensirna-main-v1/random_fold_4_seed_2,/SCRATCH/dtzim01/sirbench-revision-20260921/siRBench/benchmark/competitors/runs/ensirna-main-v1/random_fold_4_seed_2/models/ensirna/version_0/checkpoint/epoch44_step7065.ckpt,13124843,16f6ed408a9ea5485f5cc8e51936c9cc40970daf038e7b8a35fc166651338969,False
ensirna,siRBench/benchmark/competitors/runs/ensirna-main-v1/random_fold_4_seed_2,/SCRATCH/dtzim01/sirbench-revision-20260921/siRBench/benchmark/competitors/runs/ensirna-main-v1/random_fold_4_seed_2/models/ensirna/version_0/checkpoint/epoch5_step942.ckpt,13124633,3cef8ac65218eb49ef54f058fe6451829ffd1ce749a89a620e6637e2d21f6289,False
ensirna,siRBench/benchmark/competitors/runs/ensirna-main-v1/random_fold_4_seed_2,/SCRATCH/dtzim01/sirbench-revision-20260921/siRBench/benchmark/competitors/runs/ensirna-main-v1/random_fold_4_seed_2/models/ensirna/version_0/checkpoint/epoch6_step1099.ckpt,13124738,2af3a902aaad3687e7898c1f3a474c7a914e1bba66b1d2a28409db43328aa9b5,False
ensirna,siRBench/benchmark/competitors/runs/ensirna-main-v1/random_fold_4_seed_2,/SCRATCH/dtzim01/sirbench-revision-20260921/siRBench/benchmark/competitors/runs/ensirna-main-v1/random_fold_4_seed_2/models/ensirna/version_0/events.out.tfevents.1790034264.d1951f84c64c.8.0,581643,d39d259af9c7c5658d66c8622de709f594439b62b0ffdba6058e85d7db0ad7f2,False
ensirna,siRBench/benchmark/competitors/runs/ensirna-stopping-sensitivity-v1/grouped_fold_0_seed_0,/SCRATCH/dtzim01/sirbench-revision-20260921/siRBench/benchmark/competitors/runs/ensirna-stopping-sensitivity-v1/grouped_fold_0_seed_0/models/ensirna/version_0/checkpoint/epoch27_step3360.ckpt,13125483,a195ef5c91fbbd6953d48d743e2e231bae4bf2c160aa52d274b85a49082370ff,False
ensirna,siRBench/benchmark/competitors/runs/ensirna-stopping-sensitivity-v1/grouped_fold_0_seed_0,/SCRATCH/dtzim01/sirbench-revision-20260921/siRBench/benchmark/competitors/runs/ensirna-stopping-sensitivity-v1/grouped_fold_0_seed_0/models/ensirna/version_0/checkpoint/epoch30_step3720.ckpt,13125483,e55df694f9c2132ed291a2adcf701a483fb0118bedb057a8a4bcd883b170e12f,False
ensirna,siRBench/benchmark/competitors/runs/ensirna-stopping-sensitivity-v1/grouped_fold_0_seed_0,/SCRATCH/dtzim01/sirbench-revision-20260921/siRBench/benchmark/competitors/runs/ensirna-stopping-sensitivity-v1/grouped_fold_0_seed_0/models/ensirna/version_0/checkpoint/epoch31_step3840.ckpt,13125483,bfd51b0382ba3c254787cafb3cb21b810f2e4b458e6f49c7a6d0c4ff308d615a,False
ensirna,siRBench/benchmark/competitors/runs/ensirna-stopping-sensitivity-v1/grouped_fold_0_seed_0,/SCRATCH/dtzim01/sirbench-revision-20260921/siRBench/benchmark/competitors/runs/ensirna-stopping-sensitivity-v1/grouped_fold_0_seed_0/models/ensirna/version_0/checkpoint/epoch34_step4200.ckpt,13125483,3065cd6ecc018ca973a7d90f70a3b0eeba465788f99a109d2d5c24e6f428e2b9,False
ensirna,siRBench/benchmark/competitors/runs/ensirna-stopping-sensitivity-v1/grouped_fold_0_seed_0,/SCRATCH/dtzim01/sirbench-revision-20260921/siRBench/benchmark/competitors/runs/ensirna-stopping-sensitivity-v1/grouped_fold_0_seed_0/models/ensirna/version_0/checkpoint/epoch40_step4920.ckpt,13125483,7be36ae5b3177abbe064d57acd1aa29c70131045e0431b01fd0467ee34baf89e,False
ensirna,siRBench/benchmark/competitors/runs/ensirna-stopping-sensitivity-v1/grouped_fold_0_seed_0,/SCRATCH/dtzim01/sirbench-revision-20260921/siRBench/benchmark/competitors/runs/ensirna-stopping-sensitivity-v1/grouped_fold_0_seed_0/models/ensirna/version_0/checkpoint/epoch43_step5280.ckpt,13125483,193b01d33bd5a924bdff1709bf1db80ee063b5d512d9151bdd3132e37075691d,False
ensirna,siRBench/benchmark/competitors/runs/ensirna-stopping-sensitivity-v1/grouped_fold_0_seed_0,/SCRATCH/dtzim01/sirbench-revision-20260921/siRBench/benchmark/competitors/runs/ensirna-stopping-sensitivity-v1/grouped_fold_0_seed_0/models/ensirna/version_0/checkpoint/epoch49_step6000.ckpt,13125483,6500b7bce17b4e31ae8ffbeda02fe40797405b5f1621875f07b564912f64db5c,False
ensirna,siRBench/benchmark/competitors/runs/ensirna-stopping-sensitivity-v1/grouped_fold_0_seed_0,/SCRATCH/dtzim01/sirbench-revision-20260921/siRBench/benchmark/competitors/runs/ensirna-stopping-sensitivity-v1/grouped_fold_0_seed_0/models/ensirna/version_0/checkpoint/epoch50_step6120.ckpt,13125483,3cec7b20972598ac955eb5da2cc098d923064cf6d9a17dc727f701cceba2a2e8,False
ensirna,siRBench/benchmark/competitors/runs/ensirna-stopping-sensitivity-v1/grouped_fold_0_seed_0,/SCRATCH/dtzim01/sirbench-revision-20260921/siRBench/benchmark/competitors/runs/ensirna-stopping-sensitivity-v1/grouped_fold_0_seed_0/models/ensirna/version_0/checkpoint/epoch52_step6360.ckpt,13125483,51d3173bdd18c4a11bf0aa45a6aa5a8f1b6442ad1e1342bc2c862f7525be12cf,False
ensirna,siRBench/benchmark/competitors/runs/ensirna-stopping-sensitivity-v1/grouped_fold_0_seed_0,/SCRATCH/dtzim01/sirbench-revision-20260921/siRBench/benchmark/competitors/runs/ensirna-stopping-sensitivity-v1/grouped_fold_0_seed_0/models/ensirna/version_0/checkpoint/epoch54_step6600.ckpt,13125483,069100cc2abc3cfa2cb1199dbd3564a30b79852c0283abf6131762824ebe16d9,False
ensirna,siRBench/benchmark/competitors/runs/ensirna-stopping-sensitivity-v1/grouped_fold_0_seed_0,/SCRATCH/dtzim01/sirbench-revision-20260921/siRBench/benchmark/competitors/runs/ensirna-stopping-sensitivity-v1/grouped_fold_0_seed_0/models/ensirna/version_0/events.out.tfevents.1790038094.26fe3b1fd937.50.0,690056,f585b40331bf1d47271790d549a473a0e142aec79f73a2cb9b3d7d68d9f2e3c7,False
ensirna,siRBench/benchmark/competitors/runs/ensirna-stopping-sensitivity-v1/grouped_fold_0_seed_1,/SCRATCH/dtzim01/sirbench-revision-20260921/siRBench/benchmark/competitors/runs/ensirna-stopping-sensitivity-v1/grouped_fold_0_seed_1/models/ensirna/version_0/checkpoint/epoch19_step2400.ckpt,13125483,20c618bb8843c920f05a467be9bbd0481072af6283426fbc28fa6c43016adcba,False
ensirna,siRBench/benchmark/competitors/runs/ensirna-stopping-sensitivity-v1/grouped_fold_0_seed_1,/SCRATCH/dtzim01/sirbench-revision-20260921/siRBench/benchmark/competitors/runs/ensirna-stopping-sensitivity-v1/grouped_fold_0_seed_1/models/ensirna/version_0/checkpoint/epoch22_step2760.ckpt,13125483,1b96495ad46f1392ef6c8a42634babda65c8256de161a65c1c4ffc51c7a002f1,False
ensirna,siRBench/benchmark/competitors/runs/ensirna-stopping-sensitivity-v1/grouped_fold_0_seed_1,/SCRATCH/dtzim01/sirbench-revision-20260921/siRBench/benchmark/competitors/runs/ensirna-stopping-sensitivity-v1/grouped_fold_0_seed_1/models/ensirna/version_0/checkpoint/epoch30_step3720.ckpt,13125483,393327a51f1ec36c20b565079392f63124bafb4fc18a1159ad43fa81ce33ee9a,False
ensirna,siRBench/benchmark/competitors/runs/ensirna-stopping-sensitivity-v1/grouped_fold_0_seed_1,/SCRATCH/dtzim01/sirbench-revision-20260921/siRBench/benchmark/competitors/runs/ensirna-stopping-sensitivity-v1/grouped_fold_0_seed_1/models/ensirna/version_0/checkpoint/epoch31_step3840.ckpt,13125483,15d36131916eceb48b798d727fe65afbe7a7981d39fcd8f817acc70f50030152,False
ensirna,siRBench/benchmark/competitors/runs/ensirna-stopping-sensitivity-v1/grouped_fold_0_seed_1,/SCRATCH/dtzim01/sirbench-revision-20260921/siRBench/benchmark/competitors/runs/ensirna-stopping-sensitivity-v1/grouped_fold_0_seed_1/models/ensirna/version_0/checkpoint/epoch37_step4560.ckpt,13125483,ce7aaf8d1204f35733cc0676a35026d64154a5b86ad9afc7c9981ef15b190376,False
ensirna,siRBench/benchmark/competitors/runs/ensirna-stopping-sensitivity-v1/grouped_fold_0_seed_1,/SCRATCH/dtzim01/sirbench-revision-20260921/siRBench/benchmark/competitors/runs/ensirna-stopping-sensitivity-v1/grouped_fold_0_seed_1/models/ensirna/version_0/checkpoint/epoch42_step5160.ckpt,13125483,5deee2c3d5cd8c6b06224b40e08f7ab793341fdad99aff0d514ac2fddb36ac85,False
ensirna,siRBench/benchmark/competitors/runs/ensirna-stopping-sensitivity-v1/grouped_fold_0_seed_1,/SCRATCH/dtzim01/sirbench-revision-20260921/siRBench/benchmark/competitors/runs/ensirna-stopping-sensitivity-v1/grouped_fold_0_seed_1/models/ensirna/version_0/checkpoint/epoch43_step5280.ckpt,13125483,ebd9fec42aff953add8beeb8675d518a0ddbcecc12b870caf9dd313aafa0491c,False
ensirna,siRBench/benchmark/competitors/runs/ensirna-stopping-sensitivity-v1/grouped_fold_0_seed_1,/SCRATCH/dtzim01/sirbench-revision-20260921/siRBench/benchmark/competitors/runs/ensirna-stopping-sensitivity-v1/grouped_fold_0_seed_1/models/ensirna/version_0/checkpoint/epoch45_step5520.ckpt,13125483,941e58a80cd46974d4196af719e1b9202fd9ef5b5e677d338956b6ddf8684faa,False
ensirna,siRBench/benchmark/competitors/runs/ensirna-stopping-sensitivity-v1/grouped_fold_0_seed_1,/SCRATCH/dtzim01/sirbench-revision-20260921/siRBench/benchmark/competitors/runs/ensirna-stopping-sensitivity-v1/grouped_fold_0_seed_1/models/ensirna/version_0/checkpoint/epoch49_step6000.ckpt,13125483,718dd8987a8d258efbb2aa6ef5eae1d5a8dc4b3bc8bbeb96ab5e93085d5e71a9,False
ensirna,siRBench/benchmark/competitors/runs/ensirna-stopping-sensitivity-v1/grouped_fold_0_seed_1,/SCRATCH/dtzim01/sirbench-revision-20260921/siRBench/benchmark/competitors/runs/ensirna-stopping-sensitivity-v1/grouped_fold_0_seed_1/models/ensirna/version_0/checkpoint/epoch56_step6840.ckpt,13125483,095afa4dff1380a76f9f06c645583643874245d2be830b6478dad4e30bf5837a,False
ensirna,siRBench/benchmark/competitors/runs/ensirna-stopping-sensitivity-v1/grouped_fold_0_seed_1,/SCRATCH/dtzim01/sirbench-revision-20260921/siRBench/benchmark/competitors/runs/ensirna-stopping-sensitivity-v1/grouped_fold_0_seed_1/models/ensirna/version_0/events.out.tfevents.1790038092.0b9eadd2006e.50.0,690056,17e41d8314c08d99e5180bc1c73699a2b63826ba14115bb0db4d70469adc56e3,False
ensirna,siRBench/benchmark/competitors/runs/ensirna-stopping-sensitivity-v1/grouped_fold_0_seed_2,/SCRATCH/dtzim01/sirbench-revision-20260921/siRBench/benchmark/competitors/runs/ensirna-stopping-sensitivity-v1/grouped_fold_0_seed_2/models/ensirna/version_0/checkpoint/epoch20_step2520.ckpt,13125483,ac919c0e80f93beb6841d83d37c2b05fedfc2eb7cf8da586d0c71297c69db793,False
ensirna,siRBench/benchmark/competitors/runs/ensirna-stopping-sensitivity-v1/grouped_fold_0_seed_2,/SCRATCH/dtzim01/sirbench-revision-20260921/siRBench/benchmark/competitors/runs/ensirna-stopping-sensitivity-v1/grouped_fold_0_seed_2/models/ensirna/version_0/checkpoint/epoch21_step2640.ckpt,13125483,757d836ebab3a5b310a34eae8c398cc56ed24b6ddae61878fa70041f32d7834f,False
ensirna,siRBench/benchmark/competitors/runs/ensirna-stopping-sensitivity-v1/grouped_fold_0_seed_2,/SCRATCH/dtzim01/sirbench-revision-20260921/siRBench/benchmark/competitors/runs/ensirna-stopping-sensitivity-v1/grouped_fold_0_seed_2/models/ensirna/version_0/checkpoint/epoch22_step2760.ckpt,13125483,336fbd516e4043a4ceea0a68a75ba7c363973ffdd21e91ad3c15b0120d21f376,False
ensirna,siRBench/benchmark/competitors/runs/ensirna-stopping-sensitivity-v1/grouped_fold_0_seed_2,/SCRATCH/dtzim01/sirbench-revision-20260921/siRBench/benchmark/competitors/runs/ensirna-stopping-sensitivity-v1/grouped_fold_0_seed_2/models/ensirna/version_0/checkpoint/epoch25_step3120.ckpt,13125483,2d4390e77b3a7459132a3356de3ea9ed506cec6590a974b176ed4c9de427e3cd,False
ensirna,siRBench/benchmark/competitors/runs/ensirna-stopping-sensitivity-v1/grouped_fold_0_seed_2,/SCRATCH/dtzim01/sirbench-revision-20260921/siRBench/benchmark/competitors/runs/ensirna-stopping-sensitivity-v1/grouped_fold_0_seed_2/models/ensirna/version_0/checkpoint/epoch29_step3600.ckpt,13125483,36c52378365e2e12ed5759def81eb43ef4ad066a4bf8d598cf53947812495e6a,False
ensirna,siRBench/benchmark/competitors/runs/ensirna-stopping-sensitivity-v1/grouped_fold_0_seed_2,/SCRATCH/dtzim01/sirbench-revision-20260921/siRBench/benchmark/competitors/runs/ensirna-stopping-sensitivity-v1/grouped_fold_0_seed_2/models/ensirna/version_0/checkpoint/epoch31_step3840.ckpt,13125483,266f0e716394ccf8eb668150e4227a0b4bc308d754827479f3087ba1bcba0b4b,False
ensirna,siRBench/benchmark/competitors/runs/ensirna-stopping-sensitivity-v1/grouped_fold_0_seed_2,/SCRATCH/dtzim01/sirbench-revision-20260921/siRBench/benchmark/competitors/runs/ensirna-stopping-sensitivity-v1/grouped_fold_0_seed_2/models/ensirna/version_0/checkpoint/epoch33_step4080.ckpt,13125483,b02b6f86c864c76e2b8c8d945f4f9ed0781e71ab1ad677764c011f768482d16e,False
ensirna,siRBench/benchmark/competitors/runs/ensirna-stopping-sensitivity-v1/grouped_fold_0_seed_2,/SCRATCH/dtzim01/sirbench-revision-20260921/siRBench/benchmark/competitors/runs/ensirna-stopping-sensitivity-v1/grouped_fold_0_seed_2/models/ensirna/version_0/checkpoint/epoch36_step4440.ckpt,13125483,e82c4403bb48b10a2fdcd4b0ae51365b249ee2581bad73f0574605df65560183,False
ensirna,siRBench/benchmark/competitors/runs/ensirna-stopping-sensitivity-v1/grouped_fold_0_seed_2,/SCRATCH/dtzim01/sirbench-revision-20260921/siRBench/benchmark/competitors/runs/ensirna-stopping-sensitivity-v1/grouped_fold_0_seed_2/models/ensirna/version_0/checkpoint/epoch39_step4800.ckpt,13125483,8033a1f0d93545477bc4992a0ae018e5fd25aff710c8d4ee48be7826808963d4,False
ensirna,siRBench/benchmark/competitors/runs/ensirna-stopping-sensitivity-v1/grouped_fold_0_seed_2,/SCRATCH/dtzim01/sirbench-revision-20260921/siRBench/benchmark/competitors/runs/ensirna-stopping-sensitivity-v1/grouped_fold_0_seed_2/models/ensirna/version_0/checkpoint/epoch41_step5040.ckpt,13125483,76475a42f850dccdbf707083b7bfd00e37fb698e919e44203fc9907d362b1b00,False
ensirna,siRBench/benchmark/competitors/runs/ensirna-stopping-sensitivity-v1/grouped_fold_0_seed_2,/SCRATCH/dtzim01/sirbench-revision-20260921/siRBench/benchmark/competitors/runs/ensirna-stopping-sensitivity-v1/grouped_fold_0_seed_2/models/ensirna/version_0/events.out.tfevents.1790040895.146ae6d5a5a8.52.0,690056,9a94c9395238ff4c407d9ae99e8fb49a3d72cbcc105f863dd4eb90e51cec3eee,False
gnn4sirna,siRBench/benchmark/competitors/runs/gnn-full-extent-v1/original-fold0-seed0,/SCRATCH/dtzim01/sirbench-revision-20260921/siRBench/benchmark/competitors/runs/gnn-full-extent-v1/original-fold0-seed0/models/gnn4sirna/model.keras,240264,c3a24ecb1386145636df3781fbbd9fd5a58dfc6e54cb149aeeb73473e4220fe9,False
gnn4sirna,siRBench/benchmark/competitors/runs/gnn-full-extent-v1/original-fold0-seed1,/SCRATCH/dtzim01/sirbench-revision-20260921/siRBench/benchmark/competitors/runs/gnn-full-extent-v1/original-fold0-seed1/models/gnn4sirna/model.keras,240264,c2bf225fceb5ec968464afc50c48a5dc0c8f073f0cca38b02651368460b352d0,False
gnn4sirna,siRBench/benchmark/competitors/runs/gnn-full-extent-v1/original-fold0-seed2,/SCRATCH/dtzim01/sirbench-revision-20260921/siRBench/benchmark/competitors/runs/gnn-full-extent-v1/original-fold0-seed2/models/gnn4sirna/model.keras,240264,717a7338db623f3139399241861d8eb89aa257ad1b7ebe8a72220125a7a1fbe9,False
gnn4sirna,siRBench/benchmark/competitors/runs/gnn-full-extent-v1/standardized-fold0-seed0,/SCRATCH/dtzim01/sirbench-revision-20260921/siRBench/benchmark/competitors/runs/gnn-full-extent-v1/standardized-fold0-seed0/models/gnn4sirna/model.keras,240264,23603a628843cfb383e36537c5bc5011cd919a7d05633fd714476a1dd459e76b,False
gnn4sirna,siRBench/benchmark/competitors/runs/gnn-full-extent-v1/standardized-fold0-seed1,/SCRATCH/dtzim01/sirbench-revision-20260921/siRBench/benchmark/competitors/runs/gnn-full-extent-v1/standardized-fold0-seed1/models/gnn4sirna/model.keras,240264,0f8c8315b20297211f9e55009f946ab18268d382854645ea0395011eab7b4856,False
gnn4sirna,siRBench/benchmark/competitors/runs/gnn-full-extent-v1/standardized-fold0-seed2,/SCRATCH/dtzim01/sirbench-revision-20260921/siRBench/benchmark/competitors/runs/gnn-full-extent-v1/standardized-fold0-seed2/models/gnn4sirna/model.keras,240264,ded5e37c5179748da94ef55b2273ad60552904e405bb0b5145a7c0b8c0130725,False
gnn4sirna,siRBench/benchmark/competitors/runs/gnn-original-schedule-v1/original_schedule-fold0-seed0,/SCRATCH/dtzim01/sirbench-revision-20260921/siRBench/benchmark/competitors/runs/gnn-original-schedule-v1/original_schedule-fold0-seed0/models/gnn4sirna/model.keras,240264,b4f990f15b0ed0cef6df5b0b047ccf2918dc148e0d35c56e71feda9c4ec4c452,False
gnn4sirna,siRBench/benchmark/competitors/runs/gnn-original-schedule-v1/original_schedule-fold0-seed1,/SCRATCH/dtzim01/sirbench-revision-20260921/siRBench/benchmark/competitors/runs/gnn-original-schedule-v1/original_schedule-fold0-seed1/models/gnn4sirna/model.keras,240264,f25d980ab683f797cb6dce790881e15649e14b787b818af3286fa14444898130,False
gnn4sirna,siRBench/benchmark/competitors/runs/gnn-original-schedule-v1/original_schedule-fold0-seed2,/SCRATCH/dtzim01/sirbench-revision-20260921/siRBench/benchmark/competitors/runs/gnn-original-schedule-v1/original_schedule-fold0-seed2/models/gnn4sirna/model.keras,240264,5b74b48bc49e004d4f33801eb054b715cf178a3658a8f33900d46e44f56303e7,False
gnn4sirna,siRBench/benchmark/competitors/runs/main-gnn-v1/grouped-fold0-seed0,/SCRATCH/dtzim01/sirbench-revision-20260921/siRBench/benchmark/competitors/runs/main-gnn-v1/grouped-fold0-seed0/models/gnn4sirna/model.keras,240264,9eddc00e439b213f2d5840be25dae6518382a7081f4d1b60b6b2c3d815fa0ed6,False
gnn4sirna,siRBench/benchmark/competitors/runs/main-gnn-v1/grouped-fold0-seed1,/SCRATCH/dtzim01/sirbench-revision-20260921/siRBench/benchmark/competitors/runs/main-gnn-v1/grouped-fold0-seed1/models/gnn4sirna/model.keras,240264,7c407c02b022b3b07e84ef48790b3357824aff1a6db35562775664dba7e727cb,False
gnn4sirna,siRBench/benchmark/competitors/runs/main-gnn-v1/grouped-fold0-seed2,/SCRATCH/dtzim01/sirbench-revision-20260921/siRBench/benchmark/competitors/runs/main-gnn-v1/grouped-fold0-seed2/models/gnn4sirna/model.keras,240264,72ea81fdde13da2df38143f54e06ecd5e54462fac93b106e277ab347578b7b34,False
gnn4sirna,siRBench/benchmark/competitors/runs/main-gnn-v1/grouped-fold1-seed0,/SCRATCH/dtzim01/sirbench-revision-20260921/siRBench/benchmark/competitors/runs/main-gnn-v1/grouped-fold1-seed0/models/gnn4sirna/model.keras,240264,96b45b79d8026fd2212223510146742acd9e26143e497dad61c768617e4d9cb6,False
gnn4sirna,siRBench/benchmark/competitors/runs/main-gnn-v1/grouped-fold1-seed1,/SCRATCH/dtzim01/sirbench-revision-20260921/siRBench/benchmark/competitors/runs/main-gnn-v1/grouped-fold1-seed1/models/gnn4sirna/model.keras,240264,f19e339476925330a8a1066df07083ad8f342a3bfe0bf1d14a5720dff5fa955b,False
gnn4sirna,siRBench/benchmark/competitors/runs/main-gnn-v1/grouped-fold1-seed2,/SCRATCH/dtzim01/sirbench-revision-20260921/siRBench/benchmark/competitors/runs/main-gnn-v1/grouped-fold1-seed2/models/gnn4sirna/model.keras,240264,3a8597e34600882a9ef967afbc5c4cc43a718efd764c52ce990bf0a0cf3494ac,False
gnn4sirna,siRBench/benchmark/competitors/runs/main-gnn-v1/grouped-fold2-seed0,/SCRATCH/dtzim01/sirbench-revision-20260921/siRBench/benchmark/competitors/runs/main-gnn-v1/grouped-fold2-seed0/models/gnn4sirna/model.keras,240264,ca20ac12fa6a76a9bf358f182364b3ecfd2c61758118d556c2bd25370731f5ec,False
gnn4sirna,siRBench/benchmark/competitors/runs/main-gnn-v1/grouped-fold2-seed1,/SCRATCH/dtzim01/sirbench-revision-20260921/siRBench/benchmark/competitors/runs/main-gnn-v1/grouped-fold2-seed1/models/gnn4sirna/model.keras,240264,7c507a532617e352d2f2ba9aedf6d3ba8cd2ecb2acc95fd7062ccf04575a2728,False
gnn4sirna,siRBench/benchmark/competitors/runs/main-gnn-v1/grouped-fold2-seed2,/SCRATCH/dtzim01/sirbench-revision-20260921/siRBench/benchmark/competitors/runs/main-gnn-v1/grouped-fold2-seed2/models/gnn4sirna/model.keras,240264,766daff9fc34de2e5b2848fa4dc28b5c13259a345a520ae401e50face46898de,False
gnn4sirna,siRBench/benchmark/competitors/runs/main-gnn-v1/grouped-fold3-seed0,/SCRATCH/dtzim01/sirbench-revision-20260921/siRBench/benchmark/competitors/runs/main-gnn-v1/grouped-fold3-seed0/models/gnn4sirna/model.keras,240264,0bcd1aa88a1e344ce847ff9ad8f13647f10f9172e7a3ea7ce5b0a60e45af67b7,False
gnn4sirna,siRBench/benchmark/competitors/runs/main-gnn-v1/grouped-fold3-seed1,/SCRATCH/dtzim01/sirbench-revision-20260921/siRBench/benchmark/competitors/runs/main-gnn-v1/grouped-fold3-seed1/models/gnn4sirna/model.keras,240264,42ca420906edab3f3334f08864bc1f78500fa80abcd9d8542c078e9c7e645185,False
gnn4sirna,siRBench/benchmark/competitors/runs/main-gnn-v1/grouped-fold3-seed2,/SCRATCH/dtzim01/sirbench-revision-20260921/siRBench/benchmark/competitors/runs/main-gnn-v1/grouped-fold3-seed2/models/gnn4sirna/model.keras,240264,5b04b1ed9b49df7dd4e24d47ec5b9b76f547e54efee899555f0f608fac381877,False
gnn4sirna,siRBench/benchmark/competitors/runs/main-gnn-v1/grouped-fold4-seed0,/SCRATCH/dtzim01/sirbench-revision-20260921/siRBench/benchmark/competitors/runs/main-gnn-v1/grouped-fold4-seed0/models/gnn4sirna/model.keras,240264,368e7c4bd54747bfce7ff906b6baf49cff1389b121b181358d36f2f08d953683,False
gnn4sirna,siRBench/benchmark/competitors/runs/main-gnn-v1/grouped-fold4-seed1,/SCRATCH/dtzim01/sirbench-revision-20260921/siRBench/benchmark/competitors/runs/main-gnn-v1/grouped-fold4-seed1/models/gnn4sirna/model.keras,240264,11f4af58dcd6a875ce725468c5f696c48a3446c94de70ba6a12a7208b8679b7d,False
gnn4sirna,siRBench/benchmark/competitors/runs/main-gnn-v1/grouped-fold4-seed2,/SCRATCH/dtzim01/sirbench-revision-20260921/siRBench/benchmark/competitors/runs/main-gnn-v1/grouped-fold4-seed2/models/gnn4sirna/model.keras,240264,23ce3a87ed1a192c6a87eaf4f9c93ad261d4e96aec4ba8dd8cbf139e3a4770b3,False
gnn4sirna,siRBench/benchmark/competitors/runs/main-gnn-v1/random-fold0-seed0,/SCRATCH/dtzim01/sirbench-revision-20260921/siRBench/benchmark/competitors/runs/main-gnn-v1/random-fold0-seed0/models/gnn4sirna/model.keras,240264,4440518e6cf881707e3f8ad2777a2831f2d10414350f317047c6f764960a1dd4,False
gnn4sirna,siRBench/benchmark/competitors/runs/main-gnn-v1/random-fold0-seed1,/SCRATCH/dtzim01/sirbench-revision-20260921/siRBench/benchmark/competitors/runs/main-gnn-v1/random-fold0-seed1/models/gnn4sirna/model.keras,240264,25463282641f908a4df930e30ddc0d4de4a1b0db8a4d01e6ac52b7388ce97569,False
gnn4sirna,siRBench/benchmark/competitors/runs/main-gnn-v1/random-fold0-seed2,/SCRATCH/dtzim01/sirbench-revision-20260921/siRBench/benchmark/competitors/runs/main-gnn-v1/random-fold0-seed2/models/gnn4sirna/model.keras,240264,b93bde254d697950b9b888d7157fb9d933db73eae4f8166bffe5852a38ae83b7,False
gnn4sirna,siRBench/benchmark/competitors/runs/main-gnn-v1/random-fold1-seed0,/SCRATCH/dtzim01/sirbench-revision-20260921/siRBench/benchmark/competitors/runs/main-gnn-v1/random-fold1-seed0/models/gnn4sirna/model.keras,240264,07889239bf2c7e2ce815f497785c783c3576eef8b986a3a865fdccd513373d7b,False
gnn4sirna,siRBench/benchmark/competitors/runs/main-gnn-v1/random-fold1-seed1,/SCRATCH/dtzim01/sirbench-revision-20260921/siRBench/benchmark/competitors/runs/main-gnn-v1/random-fold1-seed1/models/gnn4sirna/model.keras,240264,a68d43f8ecb21c780fc38d97b73dc7730756fa985d9e6393e2419df4497ea6e5,False
gnn4sirna,siRBench/benchmark/competitors/runs/main-gnn-v1/random-fold1-seed2,/SCRATCH/dtzim01/sirbench-revision-20260921/siRBench/benchmark/competitors/runs/main-gnn-v1/random-fold1-seed2/models/gnn4sirna/model.keras,240264,497a3348036e7ed5a07560a8fcde6c96f4e59075cd59dc2c9a89c40d314f7f4d,False
gnn4sirna,siRBench/benchmark/competitors/runs/main-gnn-v1/random-fold2-seed0,/SCRATCH/dtzim01/sirbench-revision-20260921/siRBench/benchmark/competitors/runs/main-gnn-v1/random-fold2-seed0/models/gnn4sirna/model.keras,240264,a7bdce3a77b49ab7b98cff1fb6526113e2aa01a8259b18cb402420ff61b738ef,False
gnn4sirna,siRBench/benchmark/competitors/runs/main-gnn-v1/random-fold2-seed1,/SCRATCH/dtzim01/sirbench-revision-20260921/siRBench/benchmark/competitors/runs/main-gnn-v1/random-fold2-seed1/models/gnn4sirna/model.keras,240264,cae4b109a24bc326d6101113263446ca33db4e7b7a79639ff711607f597caad4,False
gnn4sirna,siRBench/benchmark/competitors/runs/main-gnn-v1/random-fold2-seed2,/SCRATCH/dtzim01/sirbench-revision-20260921/siRBench/benchmark/competitors/runs/main-gnn-v1/random-fold2-seed2/models/gnn4sirna/model.keras,240264,0c90175b1ff5f64c84e0e19d531450100b761b739d67da8d6e52be15c36c207e,False
gnn4sirna,siRBench/benchmark/competitors/runs/main-gnn-v1/random-fold3-seed0,/SCRATCH/dtzim01/sirbench-revision-20260921/siRBench/benchmark/competitors/runs/main-gnn-v1/random-fold3-seed0/models/gnn4sirna/model.keras,240264,c675c33cef818c34167ccc9d8f303db160759cd89036f80097056169cb12b531,False
gnn4sirna,siRBench/benchmark/competitors/runs/main-gnn-v1/random-fold3-seed1,/SCRATCH/dtzim01/sirbench-revision-20260921/siRBench/benchmark/competitors/runs/main-gnn-v1/random-fold3-seed1/models/gnn4sirna/model.keras,240264,8ff3d2ea2b7c948331f493ae6184afb1f518c2964f427f3a560d3517ef918d07,False
gnn4sirna,siRBench/benchmark/competitors/runs/main-gnn-v1/random-fold3-seed2,/SCRATCH/dtzim01/sirbench-revision-20260921/siRBench/benchmark/competitors/runs/main-gnn-v1/random-fold3-seed2/models/gnn4sirna/model.keras,240264,1d75c754faa1eb93631854ccab8fdb393fae6d98cccc988b15e4766b40d58a20,False
gnn4sirna,siRBench/benchmark/competitors/runs/main-gnn-v1/random-fold4-seed0,/SCRATCH/dtzim01/sirbench-revision-20260921/siRBench/benchmark/competitors/runs/main-gnn-v1/random-fold4-seed0/models/gnn4sirna/model.keras,240264,58fe5534087b0000a159b74503768252a54e79e79c4b8d772eeebca0f2994ad4,False
gnn4sirna,siRBench/benchmark/competitors/runs/main-gnn-v1/random-fold4-seed1,/SCRATCH/dtzim01/sirbench-revision-20260921/siRBench/benchmark/competitors/runs/main-gnn-v1/random-fold4-seed1/models/gnn4sirna/model.keras,240264,fc9fff8fe5f22bbd520ce5a5a6992ea3db834430b52e10f18ab02922f3615515,False
gnn4sirna,siRBench/benchmark/competitors/runs/main-gnn-v1/random-fold4-seed2,/SCRATCH/dtzim01/sirbench-revision-20260921/siRBench/benchmark/competitors/runs/main-gnn-v1/random-fold4-seed2/models/gnn4sirna/model.keras,240264,34d81eb5d6753abf263b018a12507165c6b5cb2bce5aec6c4606b9a5ec1fbab1,False
attsioff,siRBench/benchmark/competitors/runs/revision_v1/attsioff/grouped_fold0_seed0,/SCRATCH/dtzim01/sirbench-revision-20260921/siRBench/benchmark/competitors/runs/revision_v1/attsioff/grouped_fold0_seed0/models/attsioff/model.pt,2324823,7aceccd1ac34faa8b9810dfc9ed7e5ca7dc142e84ede2c74b357998efffaf42a,False
attsioff,siRBench/benchmark/competitors/runs/revision_v1/attsioff/grouped_fold0_seed0,/SCRATCH/dtzim01/sirbench-revision-20260921/siRBench/benchmark/competitors/runs/revision_v1/attsioff/grouped_fold0_seed0/models/attsioff/training_pssm.npy,736,899f431f3e91502ae503e881e5f06febe91aacda81ba71e9c4b718925cc1ad7a,False
attsioff,siRBench/benchmark/competitors/runs/revision_v1/attsioff/grouped_fold0_seed1,/SCRATCH/dtzim01/sirbench-revision-20260921/siRBench/benchmark/competitors/runs/revision_v1/attsioff/grouped_fold0_seed1/models/attsioff/model.pt,2324823,c02e30f00145e787e9af5cc87e8a0198e21aaebd7ebf2c35415f841b61168b79,False
attsioff,siRBench/benchmark/competitors/runs/revision_v1/attsioff/grouped_fold0_seed1,/SCRATCH/dtzim01/sirbench-revision-20260921/siRBench/benchmark/competitors/runs/revision_v1/attsioff/grouped_fold0_seed1/models/attsioff/training_pssm.npy,736,899f431f3e91502ae503e881e5f06febe91aacda81ba71e9c4b718925cc1ad7a,False
attsioff,siRBench/benchmark/competitors/runs/revision_v1/attsioff/grouped_fold0_seed2,/SCRATCH/dtzim01/sirbench-revision-20260921/siRBench/benchmark/competitors/runs/revision_v1/attsioff/grouped_fold0_seed2/models/attsioff/model.pt,2324823,40a0d91815fec85cf2c3247ac33f540e13ce9cd90b248809e2b16d4f14f65bae,False
attsioff,siRBench/benchmark/competitors/runs/revision_v1/attsioff/grouped_fold0_seed2,/SCRATCH/dtzim01/sirbench-revision-20260921/siRBench/benchmark/competitors/runs/revision_v1/attsioff/grouped_fold0_seed2/models/attsioff/training_pssm.npy,736,899f431f3e91502ae503e881e5f06febe91aacda81ba71e9c4b718925cc1ad7a,False
attsioff,siRBench/benchmark/competitors/runs/revision_v1/attsioff/grouped_fold1_seed0,/SCRATCH/dtzim01/sirbench-revision-20260921/siRBench/benchmark/competitors/runs/revision_v1/attsioff/grouped_fold1_seed0/models/attsioff/model.pt,2324823,ceea97b15eccdca7229e6695b7ca983f7733d1f0e006e501d997f2ff46f84cf1,False
attsioff,siRBench/benchmark/competitors/runs/revision_v1/attsioff/grouped_fold1_seed0,/SCRATCH/dtzim01/sirbench-revision-20260921/siRBench/benchmark/competitors/runs/revision_v1/attsioff/grouped_fold1_seed0/models/attsioff/training_pssm.npy,736,c0177967b23c1fa5f3a6a0cb4141258e85d796427146185d7a4fff7efbc666a6,False
attsioff,siRBench/benchmark/competitors/runs/revision_v1/attsioff/grouped_fold1_seed1,/SCRATCH/dtzim01/sirbench-revision-20260921/siRBench/benchmark/competitors/runs/revision_v1/attsioff/grouped_fold1_seed1/models/attsioff/model.pt,2324823,f6032bd6a0f1de4a7e614e8ed45df9f40950001731298fab312f7b79f59ada17,False
attsioff,siRBench/benchmark/competitors/runs/revision_v1/attsioff/grouped_fold1_seed1,/SCRATCH/dtzim01/sirbench-revision-20260921/siRBench/benchmark/competitors/runs/revision_v1/attsioff/grouped_fold1_seed1/models/attsioff/training_pssm.npy,736,c0177967b23c1fa5f3a6a0cb4141258e85d796427146185d7a4fff7efbc666a6,False
attsioff,siRBench/benchmark/competitors/runs/revision_v1/attsioff/grouped_fold1_seed2,/SCRATCH/dtzim01/sirbench-revision-20260921/siRBench/benchmark/competitors/runs/revision_v1/attsioff/grouped_fold1_seed2/models/attsioff/model.pt,2324823,df1cbf80c41fd0d30ede7be1afd09f657e63a03c281692a93eb822067b082f40,False
attsioff,siRBench/benchmark/competitors/runs/revision_v1/attsioff/grouped_fold1_seed2,/SCRATCH/dtzim01/sirbench-revision-20260921/siRBench/benchmark/competitors/runs/revision_v1/attsioff/grouped_fold1_seed2/models/attsioff/training_pssm.npy,736,c0177967b23c1fa5f3a6a0cb4141258e85d796427146185d7a4fff7efbc666a6,False
attsioff,siRBench/benchmark/competitors/runs/revision_v1/attsioff/grouped_fold2_seed0,/SCRATCH/dtzim01/sirbench-revision-20260921/siRBench/benchmark/competitors/runs/revision_v1/attsioff/grouped_fold2_seed0/models/attsioff/model.pt,2324823,5642530b4f20bbc17bd9f14511d2d81297ea9489e63bef735adbd731bb24b62a,False
attsioff,siRBench/benchmark/competitors/runs/revision_v1/attsioff/grouped_fold2_seed0,/SCRATCH/dtzim01/sirbench-revision-20260921/siRBench/benchmark/competitors/runs/revision_v1/attsioff/grouped_fold2_seed0/models/attsioff/training_pssm.npy,736,bbde112cbb9d51743f69bf1eea121191a676f4f9338c6b87b4d4555c20a48fe9,False
attsioff,siRBench/benchmark/competitors/runs/revision_v1/attsioff/grouped_fold2_seed1,/SCRATCH/dtzim01/sirbench-revision-20260921/siRBench/benchmark/competitors/runs/revision_v1/attsioff/grouped_fold2_seed1/models/attsioff/model.pt,2324823,752bdac41a6f669ce1aae337adb8c64f5fcca9f4da46238158fe3bf65f8699a5,False
attsioff,siRBench/benchmark/competitors/runs/revision_v1/attsioff/grouped_fold2_seed1,/SCRATCH/dtzim01/sirbench-revision-20260921/siRBench/benchmark/competitors/runs/revision_v1/attsioff/grouped_fold2_seed1/models/attsioff/training_pssm.npy,736,bbde112cbb9d51743f69bf1eea121191a676f4f9338c6b87b4d4555c20a48fe9,False
attsioff,siRBench/benchmark/competitors/runs/revision_v1/attsioff/grouped_fold2_seed2,/SCRATCH/dtzim01/sirbench-revision-20260921/siRBench/benchmark/competitors/runs/revision_v1/attsioff/grouped_fold2_seed2/models/attsioff/model.pt,2324823,655c1504573656690d8d5c727e67a60a18ccf5b671558b3a320faf8e33063a72,False
attsioff,siRBench/benchmark/competitors/runs/revision_v1/attsioff/grouped_fold2_seed2,/SCRATCH/dtzim01/sirbench-revision-20260921/siRBench/benchmark/competitors/runs/revision_v1/attsioff/grouped_fold2_seed2/models/attsioff/training_pssm.npy,736,bbde112cbb9d51743f69bf1eea121191a676f4f9338c6b87b4d4555c20a48fe9,False
attsioff,siRBench/benchmark/competitors/runs/revision_v1/attsioff/grouped_fold3_seed0,/SCRATCH/dtzim01/sirbench-revision-20260921/siRBench/benchmark/competitors/runs/revision_v1/attsioff/grouped_fold3_seed0/models/attsioff/model.pt,2324823,64530ee0cbfd32cbd9fcef2a99d23a833ada9918646c75dcc4bf275187fbcd1f,False
attsioff,siRBench/benchmark/competitors/runs/revision_v1/attsioff/grouped_fold3_seed0,/SCRATCH/dtzim01/sirbench-revision-20260921/siRBench/benchmark/competitors/runs/revision_v1/attsioff/grouped_fold3_seed0/models/attsioff/training_pssm.npy,736,6bfb90be133063cda1f3cbc3afe3ff98efdb0879f27bd09227cf7981ccd76264,False
attsioff,siRBench/benchmark/competitors/runs/revision_v1/attsioff/grouped_fold3_seed1,/SCRATCH/dtzim01/sirbench-revision-20260921/siRBench/benchmark/competitors/runs/revision_v1/attsioff/grouped_fold3_seed1/models/attsioff/model.pt,2324823,70bd4412d184e24b95b5368c71ec7578ec584f7087b3f1bf08b380bd7684808f,False
attsioff,siRBench/benchmark/competitors/runs/revision_v1/attsioff/grouped_fold3_seed1,/SCRATCH/dtzim01/sirbench-revision-20260921/siRBench/benchmark/competitors/runs/revision_v1/attsioff/grouped_fold3_seed1/models/attsioff/training_pssm.npy,736,6bfb90be133063cda1f3cbc3afe3ff98efdb0879f27bd09227cf7981ccd76264,False
attsioff,siRBench/benchmark/competitors/runs/revision_v1/attsioff/grouped_fold3_seed2,/SCRATCH/dtzim01/sirbench-revision-20260921/siRBench/benchmark/competitors/runs/revision_v1/attsioff/grouped_fold3_seed2/models/attsioff/model.pt,2324823,b9423aa5c52918e5a258a29be4c948506c75d523646fc099b9abb40373a546d8,False
attsioff,siRBench/benchmark/competitors/runs/revision_v1/attsioff/grouped_fold3_seed2,/SCRATCH/dtzim01/sirbench-revision-20260921/siRBench/benchmark/competitors/runs/revision_v1/attsioff/grouped_fold3_seed2/models/attsioff/training_pssm.npy,736,6bfb90be133063cda1f3cbc3afe3ff98efdb0879f27bd09227cf7981ccd76264,False
attsioff,siRBench/benchmark/competitors/runs/revision_v1/attsioff/grouped_fold4_seed0,/SCRATCH/dtzim01/sirbench-revision-20260921/siRBench/benchmark/competitors/runs/revision_v1/attsioff/grouped_fold4_seed0/models/attsioff/model.pt,2324823,f18d19f9df8e48a1534a4c31aef4cf34dd3ec4d6b61053f9d5c654e14cd4fc4e,False
attsioff,siRBench/benchmark/competitors/runs/revision_v1/attsioff/grouped_fold4_seed0,/SCRATCH/dtzim01/sirbench-revision-20260921/siRBench/benchmark/competitors/runs/revision_v1/attsioff/grouped_fold4_seed0/models/attsioff/training_pssm.npy,736,08adff566c1b44391874e75712f2a25cc61b6d83a50d7c4777bb5d0332476529,False
attsioff,siRBench/benchmark/competitors/runs/revision_v1/attsioff/grouped_fold4_seed1,/SCRATCH/dtzim01/sirbench-revision-20260921/siRBench/benchmark/competitors/runs/revision_v1/attsioff/grouped_fold4_seed1/models/attsioff/model.pt,2324823,510e7e2ac784081d072002f8821d6f75f3559410cd0a95fd67fc2fee0b049cad,False
attsioff,siRBench/benchmark/competitors/runs/revision_v1/attsioff/grouped_fold4_seed1,/SCRATCH/dtzim01/sirbench-revision-20260921/siRBench/benchmark/competitors/runs/revision_v1/attsioff/grouped_fold4_seed1/models/attsioff/training_pssm.npy,736,08adff566c1b44391874e75712f2a25cc61b6d83a50d7c4777bb5d0332476529,False
attsioff,siRBench/benchmark/competitors/runs/revision_v1/attsioff/grouped_fold4_seed2,/SCRATCH/dtzim01/sirbench-revision-20260921/siRBench/benchmark/competitors/runs/revision_v1/attsioff/grouped_fold4_seed2/models/attsioff/model.pt,2324823,e25faec9861ff4f4e9e218744e8ee7aa6257530acdd66c6338b70d24b710c42e,False
attsioff,siRBench/benchmark/competitors/runs/revision_v1/attsioff/grouped_fold4_seed2,/SCRATCH/dtzim01/sirbench-revision-20260921/siRBench/benchmark/competitors/runs/revision_v1/attsioff/grouped_fold4_seed2/models/attsioff/training_pssm.npy,736,08adff566c1b44391874e75712f2a25cc61b6d83a50d7c4777bb5d0332476529,False
attsioff,siRBench/benchmark/competitors/runs/revision_v1/attsioff/random_fold0_seed0,/SCRATCH/dtzim01/sirbench-revision-20260921/siRBench/benchmark/competitors/runs/revision_v1/attsioff/random_fold0_seed0/models/attsioff/model.pt,2324823,bac55479392970dbf8d2a924c6839f07d308da6cdea91e4d6733144fc458d0a2,False
attsioff,siRBench/benchmark/competitors/runs/revision_v1/attsioff/random_fold0_seed0,/SCRATCH/dtzim01/sirbench-revision-20260921/siRBench/benchmark/competitors/runs/revision_v1/attsioff/random_fold0_seed0/models/attsioff/training_pssm.npy,736,bb7bd4f3fe54a1b6b2db67ea55c22eabc14784ed0dda27d778cf787a876736dd,False
attsioff,siRBench/benchmark/competitors/runs/revision_v1/attsioff/random_fold0_seed1,/SCRATCH/dtzim01/sirbench-revision-20260921/siRBench/benchmark/competitors/runs/revision_v1/attsioff/random_fold0_seed1/models/attsioff/model.pt,2324823,e9a310d01fe261c3b667ab7e6142a4814330b097ea6304e6d37ebe941138faf7,False
attsioff,siRBench/benchmark/competitors/runs/revision_v1/attsioff/random_fold0_seed1,/SCRATCH/dtzim01/sirbench-revision-20260921/siRBench/benchmark/competitors/runs/revision_v1/attsioff/random_fold0_seed1/models/attsioff/training_pssm.npy,736,bb7bd4f3fe54a1b6b2db67ea55c22eabc14784ed0dda27d778cf787a876736dd,False
attsioff,siRBench/benchmark/competitors/runs/revision_v1/attsioff/random_fold0_seed2,/SCRATCH/dtzim01/sirbench-revision-20260921/siRBench/benchmark/competitors/runs/revision_v1/attsioff/random_fold0_seed2/models/attsioff/model.pt,2324823,123f6836db258b95856ed13e118f55f6dbe4b307ee416ceb33d7fef9a9fecb3b,False
attsioff,siRBench/benchmark/competitors/runs/revision_v1/attsioff/random_fold0_seed2,/SCRATCH/dtzim01/sirbench-revision-20260921/siRBench/benchmark/competitors/runs/revision_v1/attsioff/random_fold0_seed2/models/attsioff/training_pssm.npy,736,bb7bd4f3fe54a1b6b2db67ea55c22eabc14784ed0dda27d778cf787a876736dd,False
attsioff,siRBench/benchmark/competitors/runs/revision_v1/attsioff/random_fold1_seed0,/SCRATCH/dtzim01/sirbench-revision-20260921/siRBench/benchmark/competitors/runs/revision_v1/attsioff/random_fold1_seed0/models/attsioff/model.pt,2324823,7bd20fd0037e18ed648deabc303331b25e74273e1a30196576052f2e647f755f,False
attsioff,siRBench/benchmark/competitors/runs/revision_v1/attsioff/random_fold1_seed0,/SCRATCH/dtzim01/sirbench-revision-20260921/siRBench/benchmark/competitors/runs/revision_v1/attsioff/random_fold1_seed0/models/attsioff/training_pssm.npy,736,37c7f5bdd684144f218b81d4f99413aef9a6c10f27fc36c2b2750fff01931214,False
attsioff,siRBench/benchmark/competitors/runs/revision_v1/attsioff/random_fold1_seed1,/SCRATCH/dtzim01/sirbench-revision-20260921/siRBench/benchmark/competitors/runs/revision_v1/attsioff/random_fold1_seed1/models/attsioff/model.pt,2324823,bded39094bd239136042affdaea0ac01a70f323f736f78ae77b4d024060206fe,False
attsioff,siRBench/benchmark/competitors/runs/revision_v1/attsioff/random_fold1_seed1,/SCRATCH/dtzim01/sirbench-revision-20260921/siRBench/benchmark/competitors/runs/revision_v1/attsioff/random_fold1_seed1/models/attsioff/training_pssm.npy,736,37c7f5bdd684144f218b81d4f99413aef9a6c10f27fc36c2b2750fff01931214,False
attsioff,siRBench/benchmark/competitors/runs/revision_v1/attsioff/random_fold1_seed2,/SCRATCH/dtzim01/sirbench-revision-20260921/siRBench/benchmark/competitors/runs/revision_v1/attsioff/random_fold1_seed2/models/attsioff/model.pt,2324823,96a824d95a1c66f2e6cebb4ef634dc1a84324c314056fda973d41bc71af4c7dd,False
attsioff,siRBench/benchmark/competitors/runs/revision_v1/attsioff/random_fold1_seed2,/SCRATCH/dtzim01/sirbench-revision-20260921/siRBench/benchmark/competitors/runs/revision_v1/attsioff/random_fold1_seed2/models/attsioff/training_pssm.npy,736,37c7f5bdd684144f218b81d4f99413aef9a6c10f27fc36c2b2750fff01931214,False
attsioff,siRBench/benchmark/competitors/runs/revision_v1/attsioff/random_fold2_seed0,/SCRATCH/dtzim01/sirbench-revision-20260921/siRBench/benchmark/competitors/runs/revision_v1/attsioff/random_fold2_seed0/models/attsioff/model.pt,2324823,46a768e0986d09ba465da05e1acc473503f8be8e879b5b0a29b1b8af0db37a7f,False
attsioff,siRBench/benchmark/competitors/runs/revision_v1/attsioff/random_fold2_seed0,/SCRATCH/dtzim01/sirbench-revision-20260921/siRBench/benchmark/competitors/runs/revision_v1/attsioff/random_fold2_seed0/models/attsioff/training_pssm.npy,736,688721cdc2c642921536558794601e9737dd094f7f4d9ec4835508070081ef16,False
attsioff,siRBench/benchmark/competitors/runs/revision_v1/attsioff/random_fold2_seed1,/SCRATCH/dtzim01/sirbench-revision-20260921/siRBench/benchmark/competitors/runs/revision_v1/attsioff/random_fold2_seed1/models/attsioff/model.pt,2324823,159540d448b3a448abf9e0d2965659dd5f0bfca4f67b354e7cc2705407b0fdf8,False
attsioff,siRBench/benchmark/competitors/runs/revision_v1/attsioff/random_fold2_seed1,/SCRATCH/dtzim01/sirbench-revision-20260921/siRBench/benchmark/competitors/runs/revision_v1/attsioff/random_fold2_seed1/models/attsioff/training_pssm.npy,736,688721cdc2c642921536558794601e9737dd094f7f4d9ec4835508070081ef16,False
attsioff,siRBench/benchmark/competitors/runs/revision_v1/attsioff/random_fold2_seed2,/SCRATCH/dtzim01/sirbench-revision-20260921/siRBench/benchmark/competitors/runs/revision_v1/attsioff/random_fold2_seed2/models/attsioff/model.pt,2324823,349817e12203006363b0dd61a04b240be72cc56d1d3b634d04fd420951959d99,False
attsioff,siRBench/benchmark/competitors/runs/revision_v1/attsioff/random_fold2_seed2,/SCRATCH/dtzim01/sirbench-revision-20260921/siRBench/benchmark/competitors/runs/revision_v1/attsioff/random_fold2_seed2/models/attsioff/training_pssm.npy,736,688721cdc2c642921536558794601e9737dd094f7f4d9ec4835508070081ef16,False
attsioff,siRBench/benchmark/competitors/runs/revision_v1/attsioff/random_fold3_seed0,/SCRATCH/dtzim01/sirbench-revision-20260921/siRBench/benchmark/competitors/runs/revision_v1/attsioff/random_fold3_seed0/models/attsioff/model.pt,2324823,7f5966068675a3096078faefb5d0e94843ea1c946e589d148616b5780d8f79db,False
attsioff,siRBench/benchmark/competitors/runs/revision_v1/attsioff/random_fold3_seed0,/SCRATCH/dtzim01/sirbench-revision-20260921/siRBench/benchmark/competitors/runs/revision_v1/attsioff/random_fold3_seed0/models/attsioff/training_pssm.npy,736,110346f2393428340fcfab058f5b56e8421b322b417e7b134191cadafceea1b0,False
attsioff,siRBench/benchmark/competitors/runs/revision_v1/attsioff/random_fold3_seed1,/SCRATCH/dtzim01/sirbench-revision-20260921/siRBench/benchmark/competitors/runs/revision_v1/attsioff/random_fold3_seed1/models/attsioff/model.pt,2324823,be315d8029025296ea5ced8e23124c7ec2820d2d2c4ac8e78dfc8579582d690d,False
attsioff,siRBench/benchmark/competitors/runs/revision_v1/attsioff/random_fold3_seed1,/SCRATCH/dtzim01/sirbench-revision-20260921/siRBench/benchmark/competitors/runs/revision_v1/attsioff/random_fold3_seed1/models/attsioff/training_pssm.npy,736,110346f2393428340fcfab058f5b56e8421b322b417e7b134191cadafceea1b0,False
attsioff,siRBench/benchmark/competitors/runs/revision_v1/attsioff/random_fold3_seed2,/SCRATCH/dtzim01/sirbench-revision-20260921/siRBench/benchmark/competitors/runs/revision_v1/attsioff/random_fold3_seed2/models/attsioff/model.pt,2324823,7bfb9e94ce24281b3a18766d6c1a4e61ef59f369c82d708e0748ac6a0f99ed50,False
attsioff,siRBench/benchmark/competitors/runs/revision_v1/attsioff/random_fold3_seed2,/SCRATCH/dtzim01/sirbench-revision-20260921/siRBench/benchmark/competitors/runs/revision_v1/attsioff/random_fold3_seed2/models/attsioff/training_pssm.npy,736,110346f2393428340fcfab058f5b56e8421b322b417e7b134191cadafceea1b0,False
attsioff,siRBench/benchmark/competitors/runs/revision_v1/attsioff/random_fold4_seed0,/SCRATCH/dtzim01/sirbench-revision-20260921/siRBench/benchmark/competitors/runs/revision_v1/attsioff/random_fold4_seed0/models/attsioff/model.pt,2324823,fd86dbbb0652ac9987e54b06a27e9aa5b6bce49c9128ad012fef4fdaebe54c25,False
attsioff,siRBench/benchmark/competitors/runs/revision_v1/attsioff/random_fold4_seed0,/SCRATCH/dtzim01/sirbench-revision-20260921/siRBench/benchmark/competitors/runs/revision_v1/attsioff/random_fold4_seed0/models/attsioff/training_pssm.npy,736,885b896aab6791effd36401cad041be7c1521059b0254d9cad045c22d7d422f1,False
attsioff,siRBench/benchmark/competitors/runs/revision_v1/attsioff/random_fold4_seed1,/SCRATCH/dtzim01/sirbench-revision-20260921/siRBench/benchmark/competitors/runs/revision_v1/attsioff/random_fold4_seed1/models/attsioff/model.pt,2324823,1c2f478550ae5d1d860b511fe279ff6b97dccf25e371472ec67dbf17684cfef5,False
attsioff,siRBench/benchmark/competitors/runs/revision_v1/attsioff/random_fold4_seed1,/SCRATCH/dtzim01/sirbench-revision-20260921/siRBench/benchmark/competitors/runs/revision_v1/attsioff/random_fold4_seed1/models/attsioff/training_pssm.npy,736,885b896aab6791effd36401cad041be7c1521059b0254d9cad045c22d7d422f1,False
attsioff,siRBench/benchmark/competitors/runs/revision_v1/attsioff/random_fold4_seed2,/SCRATCH/dtzim01/sirbench-revision-20260921/siRBench/benchmark/competitors/runs/revision_v1/attsioff/random_fold4_seed2/models/attsioff/model.pt,2324823,503b5f5dfee5b31b838878c2796479bd07b739231d4a9783c0162ace672321fc,False
attsioff,siRBench/benchmark/competitors/runs/revision_v1/attsioff/random_fold4_seed2,/SCRATCH/dtzim01/sirbench-revision-20260921/siRBench/benchmark/competitors/runs/revision_v1/attsioff/random_fold4_seed2/models/attsioff/training_pssm.npy,736,885b896aab6791effd36401cad041be7c1521059b0254d9cad045c22d7d422f1,False
oligoformer,siRBench/benchmark/competitors/runs/revision_v1/oligoformer/grouped_fold0_seed0,/SCRATCH/dtzim01/sirbench-revision-20260921/siRBench/benchmark/competitors/runs/revision_v1/oligoformer/grouped_fold0_seed0/models/oligoformer/model.pt,5788593,6a505beb11f1be398061e936a01a8dd6982b6542080364f563e5b57f22def0b8,False
oligoformer,siRBench/benchmark/competitors/runs/revision_v1/oligoformer/grouped_fold0_seed1,/SCRATCH/dtzim01/sirbench-revision-20260921/siRBench/benchmark/competitors/runs/revision_v1/oligoformer/grouped_fold0_seed1/models/oligoformer/model.pt,5788593,94381da003b8afb3f38c01e652bcbcd95793bb007480b04a0188d380fdea55b2,False
oligoformer,siRBench/benchmark/competitors/runs/revision_v1/oligoformer/grouped_fold0_seed2,/SCRATCH/dtzim01/sirbench-revision-20260921/siRBench/benchmark/competitors/runs/revision_v1/oligoformer/grouped_fold0_seed2/models/oligoformer/model.pt,5788593,c0cdc1b12cbcfe31aeb91cddcd03ff9f50b4e711109c840f294283af79e89d86,False
oligoformer,siRBench/benchmark/competitors/runs/revision_v1/oligoformer/grouped_fold1_seed0,/SCRATCH/dtzim01/sirbench-revision-20260921/siRBench/benchmark/competitors/runs/revision_v1/oligoformer/grouped_fold1_seed0/models/oligoformer/model.pt,5788593,843807492d4171129dcf42dfd68f774752bedcdc3105182c6b911836f93567d9,False
oligoformer,siRBench/benchmark/competitors/runs/revision_v1/oligoformer/grouped_fold1_seed1,/SCRATCH/dtzim01/sirbench-revision-20260921/siRBench/benchmark/competitors/runs/revision_v1/oligoformer/grouped_fold1_seed1/models/oligoformer/model.pt,5788593,c0c1822582eefd6964abd6960fa5f73273fbf699a8f3b3a326963a32a30f23ab,False
oligoformer,siRBench/benchmark/competitors/runs/revision_v1/oligoformer/grouped_fold1_seed2,/SCRATCH/dtzim01/sirbench-revision-20260921/siRBench/benchmark/competitors/runs/revision_v1/oligoformer/grouped_fold1_seed2/models/oligoformer/model.pt,5788593,46e05660524b0ad90e06dc042c5ef5a124684400a47931d3892bbbbf883b2b34,False
oligoformer,siRBench/benchmark/competitors/runs/revision_v1/oligoformer/grouped_fold2_seed0,/SCRATCH/dtzim01/sirbench-revision-20260921/siRBench/benchmark/competitors/runs/revision_v1/oligoformer/grouped_fold2_seed0/models/oligoformer/model.pt,5788593,437abe7cad4006c421672aa9d4232fc7a660971c08d64080d8ec392ddd5c4497,False
oligoformer,siRBench/benchmark/competitors/runs/revision_v1/oligoformer/grouped_fold2_seed1,/SCRATCH/dtzim01/sirbench-revision-20260921/siRBench/benchmark/competitors/runs/revision_v1/oligoformer/grouped_fold2_seed1/models/oligoformer/model.pt,5788593,4094de74645bd1866ec4128a34ab26ca3a63b63e1a4dfd1bcdcada416b4573eb,False
oligoformer,siRBench/benchmark/competitors/runs/revision_v1/oligoformer/grouped_fold2_seed2,/SCRATCH/dtzim01/sirbench-revision-20260921/siRBench/benchmark/competitors/runs/revision_v1/oligoformer/grouped_fold2_seed2/models/oligoformer/model.pt,5788593,ef96a1a5785a7fcd856af3937f7a00c4f43a07d3dc4c0957928ed0677647ce53,False
oligoformer,siRBench/benchmark/competitors/runs/revision_v1/oligoformer/grouped_fold3_seed0,/SCRATCH/dtzim01/sirbench-revision-20260921/siRBench/benchmark/competitors/runs/revision_v1/oligoformer/grouped_fold3_seed0/models/oligoformer/model.pt,5788593,ee5d499fe7ba55682266b8ec53bb4dcf9ed91e6ddfc80c31778f9aae93663df7,False
oligoformer,siRBench/benchmark/competitors/runs/revision_v1/oligoformer/grouped_fold3_seed1,/SCRATCH/dtzim01/sirbench-revision-20260921/siRBench/benchmark/competitors/runs/revision_v1/oligoformer/grouped_fold3_seed1/models/oligoformer/model.pt,5788593,81339ec2a923a470bf3b2a843b63b57958dcc51f1115d1eb712c0f7cfd4ba9fe,False
oligoformer,siRBench/benchmark/competitors/runs/revision_v1/oligoformer/grouped_fold3_seed2,/SCRATCH/dtzim01/sirbench-revision-20260921/siRBench/benchmark/competitors/runs/revision_v1/oligoformer/grouped_fold3_seed2/models/oligoformer/model.pt,5788593,45ca82bcdae361cbc7785b19138e0983518ecc1907316b1359b80a36ce8b6301,False
oligoformer,siRBench/benchmark/competitors/runs/revision_v1/oligoformer/grouped_fold4_seed0,/SCRATCH/dtzim01/sirbench-revision-20260921/siRBench/benchmark/competitors/runs/revision_v1/oligoformer/grouped_fold4_seed0/models/oligoformer/model.pt,5788593,df1f893a4b4219865aab78e08789c72325f1d287fccd4294e1e5c4d7187a6945,False
oligoformer,siRBench/benchmark/competitors/runs/revision_v1/oligoformer/grouped_fold4_seed1,/SCRATCH/dtzim01/sirbench-revision-20260921/siRBench/benchmark/competitors/runs/revision_v1/oligoformer/grouped_fold4_seed1/models/oligoformer/model.pt,5788593,a4aea4da8fa170eda2a368969b8fdc62199c2bd331334a8eee72826a554c488d,False
oligoformer,siRBench/benchmark/competitors/runs/revision_v1/oligoformer/grouped_fold4_seed2,/SCRATCH/dtzim01/sirbench-revision-20260921/siRBench/benchmark/competitors/runs/revision_v1/oligoformer/grouped_fold4_seed2/models/oligoformer/model.pt,5788593,8fd7304ab1c0db10b6b64ca05a69e8514068e70efa4a4d20ec35a64bf126b027,False
oligoformer,siRBench/benchmark/competitors/runs/revision_v1/oligoformer/random_fold0_seed0,/SCRATCH/dtzim01/sirbench-revision-20260921/siRBench/benchmark/competitors/runs/revision_v1/oligoformer/random_fold0_seed0/models/oligoformer/model.pt,5788593,39ee4d808331b95a47db4588fd67f94df8470c1b82561a5c8256135bf6d2631d,False
oligoformer,siRBench/benchmark/competitors/runs/revision_v1/oligoformer/random_fold0_seed1,/SCRATCH/dtzim01/sirbench-revision-20260921/siRBench/benchmark/competitors/runs/revision_v1/oligoformer/random_fold0_seed1/models/oligoformer/model.pt,5788593,1e59c4c0604dd600555776bb55c5ba9cc19dc0965841f68f8502a61d3fae80f8,False
oligoformer,siRBench/benchmark/competitors/runs/revision_v1/oligoformer/random_fold0_seed2,/SCRATCH/dtzim01/sirbench-revision-20260921/siRBench/benchmark/competitors/runs/revision_v1/oligoformer/random_fold0_seed2/models/oligoformer/model.pt,5788593,65d65e413d7cbf3b637e77c6a4f7e300c5b2aef4055c22026143a8c59d08828a,False
oligoformer,siRBench/benchmark/competitors/runs/revision_v1/oligoformer/random_fold1_seed0,/SCRATCH/dtzim01/sirbench-revision-20260921/siRBench/benchmark/competitors/runs/revision_v1/oligoformer/random_fold1_seed0/models/oligoformer/model.pt,5788593,0778f15d904251ff770c419dfcb7426c45fde6b60e549cdeb1fb7b92eab967ec,False
oligoformer,siRBench/benchmark/competitors/runs/revision_v1/oligoformer/random_fold1_seed1,/SCRATCH/dtzim01/sirbench-revision-20260921/siRBench/benchmark/competitors/runs/revision_v1/oligoformer/random_fold1_seed1/models/oligoformer/model.pt,5788593,207a6780d358d28634c6ec92d1eedb0d30ce8eae5bbd8120c1724da0978c6bac,False
oligoformer,siRBench/benchmark/competitors/runs/revision_v1/oligoformer/random_fold1_seed2,/SCRATCH/dtzim01/sirbench-revision-20260921/siRBench/benchmark/competitors/runs/revision_v1/oligoformer/random_fold1_seed2/models/oligoformer/model.pt,5788593,88e7f7531e44986818faac83233bbd7697081549579e4d642805e1963a7f317d,False
oligoformer,siRBench/benchmark/competitors/runs/revision_v1/oligoformer/random_fold2_seed0,/SCRATCH/dtzim01/sirbench-revision-20260921/siRBench/benchmark/competitors/runs/revision_v1/oligoformer/random_fold2_seed0/models/oligoformer/model.pt,5788593,b2de837ade8f38536872e5b0a72d8fbff8d06028502d9997a17d5dcb307a1a34,False
oligoformer,siRBench/benchmark/competitors/runs/revision_v1/oligoformer/random_fold2_seed1,/SCRATCH/dtzim01/sirbench-revision-20260921/siRBench/benchmark/competitors/runs/revision_v1/oligoformer/random_fold2_seed1/models/oligoformer/model.pt,5788593,1a8dc8e1495cb4e32c142f9963ea6b5fc442c67e2e58cd3b55ee29c980e09522,False
oligoformer,siRBench/benchmark/competitors/runs/revision_v1/oligoformer/random_fold2_seed2,/SCRATCH/dtzim01/sirbench-revision-20260921/siRBench/benchmark/competitors/runs/revision_v1/oligoformer/random_fold2_seed2/models/oligoformer/model.pt,5788593,c3a66fc847b355d70524934d9c115d28e3ed35a4e5e7768d7615dbea31b1e252,False
oligoformer,siRBench/benchmark/competitors/runs/revision_v1/oligoformer/random_fold3_seed0,/SCRATCH/dtzim01/sirbench-revision-20260921/siRBench/benchmark/competitors/runs/revision_v1/oligoformer/random_fold3_seed0/models/oligoformer/model.pt,5788593,733b2f6a67208f0734631b9a144b833b365e037b5be9e56a055c4f986c53921d,False
oligoformer,siRBench/benchmark/competitors/runs/revision_v1/oligoformer/random_fold3_seed1,/SCRATCH/dtzim01/sirbench-revision-20260921/siRBench/benchmark/competitors/runs/revision_v1/oligoformer/random_fold3_seed1/models/oligoformer/model.pt,5788593,c67e934e57e73ab5b074971144594d73c58ed87cc76c640d84fe9c62fc5562ac,False
oligoformer,siRBench/benchmark/competitors/runs/revision_v1/oligoformer/random_fold3_seed2,/SCRATCH/dtzim01/sirbench-revision-20260921/siRBench/benchmark/competitors/runs/revision_v1/oligoformer/random_fold3_seed2/models/oligoformer/model.pt,5788593,ca4cd7d8913c405f6ec8b1cab2b39124d412e59cf187eb8628df1cbf3b3f4f9a,False
oligoformer,siRBench/benchmark/competitors/runs/revision_v1/oligoformer/random_fold4_seed0,/SCRATCH/dtzim01/sirbench-revision-20260921/siRBench/benchmark/competitors/runs/revision_v1/oligoformer/random_fold4_seed0/models/oligoformer/model.pt,5788593,1764b4ce33f91f4937aaabcc2d00e3252e7e4042578a159db14a61c0256cdd44,False
oligoformer,siRBench/benchmark/competitors/runs/revision_v1/oligoformer/random_fold4_seed1,/SCRATCH/dtzim01/sirbench-revision-20260921/siRBench/benchmark/competitors/runs/revision_v1/oligoformer/random_fold4_seed1/models/oligoformer/model.pt,5788593,e399ff1d283c2929d3f778f469b3db755b2876fab53d20064e6eee5bf904f673,False
oligoformer,siRBench/benchmark/competitors/runs/revision_v1/oligoformer/random_fold4_seed2,/SCRATCH/dtzim01/sirbench-revision-20260921/siRBench/benchmark/competitors/runs/revision_v1/oligoformer/random_fold4_seed2/models/oligoformer/model.pt,5788593,c5cb93f76e9aeb0fce3287ab4ada21ba323c33552c48434f9018147ce64b359c,False
sirnabert,siRBench/benchmark/competitors/runs/revision_v1/sirnabert/grouped_fold0_seed0,/SCRATCH/dtzim01/sirbench-revision-20260921/siRBench/benchmark/competitors/runs/revision_v1/sirnabert/grouped_fold0_seed0/models/sirnabert/model.pt,357327159,0c9788f72d359648018fdf1d1b80af2a4fb09616836ca3a65e80751c743452a0,False
sirnabert,siRBench/benchmark/competitors/runs/revision_v1/sirnabert/grouped_fold0_seed1,/SCRATCH/dtzim01/sirbench-revision-20260921/siRBench/benchmark/competitors/runs/revision_v1/sirnabert/grouped_fold0_seed1/models/sirnabert/model.pt,357327159,1ba35fc590796bab91c13ca8102c602d832124fd7af3c48542658d0cd6cfd13f,False
sirnabert,siRBench/benchmark/competitors/runs/revision_v1/sirnabert/grouped_fold0_seed2,/SCRATCH/dtzim01/sirbench-revision-20260921/siRBench/benchmark/competitors/runs/revision_v1/sirnabert/grouped_fold0_seed2/models/sirnabert/model.pt,357327159,ec21d9338bd8660b3ffffac2b440217e09db86544ddf591df9dc589147c02017,False
sirnabert,siRBench/benchmark/competitors/runs/revision_v1/sirnabert/grouped_fold1_seed0,/SCRATCH/dtzim01/sirbench-revision-20260921/siRBench/benchmark/competitors/runs/revision_v1/sirnabert/grouped_fold1_seed0/models/sirnabert/model.pt,357327159,72c622ee9223ddde2a49a42ad4ecb35ffae9305a2d9ed4fb1bdb81ada91c879f,False
sirnabert,siRBench/benchmark/competitors/runs/revision_v1/sirnabert/grouped_fold1_seed1,/SCRATCH/dtzim01/sirbench-revision-20260921/siRBench/benchmark/competitors/runs/revision_v1/sirnabert/grouped_fold1_seed1/models/sirnabert/model.pt,357327159,1c883e4e7323fbf2a4728e42d1f8fc4bdfc60c8e606fa1baf9fe6c49034af98e,False
sirnabert,siRBench/benchmark/competitors/runs/revision_v1/sirnabert/grouped_fold1_seed2,/SCRATCH/dtzim01/sirbench-revision-20260921/siRBench/benchmark/competitors/runs/revision_v1/sirnabert/grouped_fold1_seed2/models/sirnabert/model.pt,357327159,0582eaa8c81c4ec55afb6230602f7fe71f48e603f246a74eb3da65bb840d58eb,False
sirnabert,siRBench/benchmark/competitors/runs/revision_v1/sirnabert/grouped_fold2_seed0,/SCRATCH/dtzim01/sirbench-revision-20260921/siRBench/benchmark/competitors/runs/revision_v1/sirnabert/grouped_fold2_seed0/models/sirnabert/model.pt,357327159,467a58113809da8184d2df4d0cb3df6623db2a9a11c3434d709b8e3ea5a48af2,False
sirnabert,siRBench/benchmark/competitors/runs/revision_v1/sirnabert/grouped_fold2_seed1,/SCRATCH/dtzim01/sirbench-revision-20260921/siRBench/benchmark/competitors/runs/revision_v1/sirnabert/grouped_fold2_seed1/models/sirnabert/model.pt,357327159,9309761c85926528073ef92dd4a4b2347742fc084f3fbd548b9e5b6060cffbab,False
sirnabert,siRBench/benchmark/competitors/runs/revision_v1/sirnabert/grouped_fold2_seed2,/SCRATCH/dtzim01/sirbench-revision-20260921/siRBench/benchmark/competitors/runs/revision_v1/sirnabert/grouped_fold2_seed2/models/sirnabert/model.pt,357327159,bfda61df0f0656ce9b9a2d631474942cfcc7d3bafda016e3717763e37409c69d,False
sirnabert,siRBench/benchmark/competitors/runs/revision_v1/sirnabert/grouped_fold3_seed0,/SCRATCH/dtzim01/sirbench-revision-20260921/siRBench/benchmark/competitors/runs/revision_v1/sirnabert/grouped_fold3_seed0/models/sirnabert/model.pt,357327159,b3189a10ebf14663dd727958510947cc5956522fb6fb0c3961edad72cecbb413,False
sirnabert,siRBench/benchmark/competitors/runs/revision_v1/sirnabert/grouped_fold3_seed1,/SCRATCH/dtzim01/sirbench-revision-20260921/siRBench/benchmark/competitors/runs/revision_v1/sirnabert/grouped_fold3_seed1/models/sirnabert/model.pt,357327159,6ff95b0da4eecca4a2458770c44e57897c895a5a6e2a63f7f78f652dfdb783bb,False
sirnabert,siRBench/benchmark/competitors/runs/revision_v1/sirnabert/grouped_fold3_seed2,/SCRATCH/dtzim01/sirbench-revision-20260921/siRBench/benchmark/competitors/runs/revision_v1/sirnabert/grouped_fold3_seed2/models/sirnabert/model.pt,357327159,2117b60e22eb87389d16848494d8e5166a2d83f213a11439f25fd0f1ba3bc035,False
sirnabert,siRBench/benchmark/competitors/runs/revision_v1/sirnabert/grouped_fold4_seed0,/SCRATCH/dtzim01/sirbench-revision-20260921/siRBench/benchmark/competitors/runs/revision_v1/sirnabert/grouped_fold4_seed0/models/sirnabert/model.pt,357327159,7da1c36e9ad9c4d6efc8d85e03957c0a09a98ae2277c4d95cc7196a9ebde0cb5,False
sirnabert,siRBench/benchmark/competitors/runs/revision_v1/sirnabert/grouped_fold4_seed1,/SCRATCH/dtzim01/sirbench-revision-20260921/siRBench/benchmark/competitors/runs/revision_v1/sirnabert/grouped_fold4_seed1/models/sirnabert/model.pt,357327159,0a422292f6df6c9f51f87f1050c4c7ba40d18a9dbe347debfc2c93b3ba86a6a8,False
sirnabert,siRBench/benchmark/competitors/runs/revision_v1/sirnabert/grouped_fold4_seed2,/SCRATCH/dtzim01/sirbench-revision-20260921/siRBench/benchmark/competitors/runs/revision_v1/sirnabert/grouped_fold4_seed2/models/sirnabert/model.pt,357327159,22c843b5207e0bee9c47a659b015043044981c1cb0a56ab8fb5d3de05ac9474b,False
sirnabert,siRBench/benchmark/competitors/runs/revision_v1/sirnabert/random_fold0_seed0,/SCRATCH/dtzim01/sirbench-revision-20260921/siRBench/benchmark/competitors/runs/revision_v1/sirnabert/random_fold0_seed0/models/sirnabert/model.pt,357327159,828abd13c4b9986e39b189bf29329af66236c7b9a8c871676b6479f2764e50ee,False
sirnabert,siRBench/benchmark/competitors/runs/revision_v1/sirnabert/random_fold0_seed1,/SCRATCH/dtzim01/sirbench-revision-20260921/siRBench/benchmark/competitors/runs/revision_v1/sirnabert/random_fold0_seed1/models/sirnabert/model.pt,357327159,2f67ac686bcf22464aac69ce16b2ad7e298eb4c434e20a6e58cc97c84e0ccaad,False
sirnabert,siRBench/benchmark/competitors/runs/revision_v1/sirnabert/random_fold0_seed2,/SCRATCH/dtzim01/sirbench-revision-20260921/siRBench/benchmark/competitors/runs/revision_v1/sirnabert/random_fold0_seed2/models/sirnabert/model.pt,357327159,cea3bc756c82f590ec92dd83e95795befcc25e935c4ef6721626fc7fc1fbb5a5,False
sirnabert,siRBench/benchmark/competitors/runs/revision_v1/sirnabert/random_fold1_seed0,/SCRATCH/dtzim01/sirbench-revision-20260921/siRBench/benchmark/competitors/runs/revision_v1/sirnabert/random_fold1_seed0/models/sirnabert/model.pt,357327159,f9c7e2690cd9305c72958ef43f6cc7e9dda10c95a0ff818008f954aadc4f580e,False
sirnabert,siRBench/benchmark/competitors/runs/revision_v1/sirnabert/random_fold1_seed1,/SCRATCH/dtzim01/sirbench-revision-20260921/siRBench/benchmark/competitors/runs/revision_v1/sirnabert/random_fold1_seed1/models/sirnabert/model.pt,357327159,a16be423c2c9303a3ea3321d8ef829e399f4e64925c9392607405251fddfadef,False
sirnabert,siRBench/benchmark/competitors/runs/revision_v1/sirnabert/random_fold1_seed2,/SCRATCH/dtzim01/sirbench-revision-20260921/siRBench/benchmark/competitors/runs/revision_v1/sirnabert/random_fold1_seed2/models/sirnabert/model.pt,357327159,b87610a3c38314635b1dbc162d032c91f96de63357e889e5c139f754fd579f22,False
sirnabert,siRBench/benchmark/competitors/runs/revision_v1/sirnabert/random_fold2_seed0,/SCRATCH/dtzim01/sirbench-revision-20260921/siRBench/benchmark/competitors/runs/revision_v1/sirnabert/random_fold2_seed0/models/sirnabert/model.pt,357327159,5ba5e6a6522e899300904a19d66177f172ded63f81325cbf86515d476dd52c37,False
sirnabert,siRBench/benchmark/competitors/runs/revision_v1/sirnabert/random_fold2_seed1,/SCRATCH/dtzim01/sirbench-revision-20260921/siRBench/benchmark/competitors/runs/revision_v1/sirnabert/random_fold2_seed1/models/sirnabert/model.pt,357327159,5b279a2ac627996106293b38824f9fd7a36f3f7bd4d801708133d2842966149a,False
sirnabert,siRBench/benchmark/competitors/runs/revision_v1/sirnabert/random_fold2_seed2,/SCRATCH/dtzim01/sirbench-revision-20260921/siRBench/benchmark/competitors/runs/revision_v1/sirnabert/random_fold2_seed2/models/sirnabert/model.pt,357327159,45b453b31d1e654e717d068fc5f175d569eaa6c43ed8be5db3e9f977b84af05e,False
sirnabert,siRBench/benchmark/competitors/runs/revision_v1/sirnabert/random_fold3_seed0,/SCRATCH/dtzim01/sirbench-revision-20260921/siRBench/benchmark/competitors/runs/revision_v1/sirnabert/random_fold3_seed0/models/sirnabert/model.pt,357327159,d55cde2025141ec94bf38a803004275f63139832ceaa93c8e8ef9f93ea3a73aa,False
sirnabert,siRBench/benchmark/competitors/runs/revision_v1/sirnabert/random_fold3_seed1,/SCRATCH/dtzim01/sirbench-revision-20260921/siRBench/benchmark/competitors/runs/revision_v1/sirnabert/random_fold3_seed1/models/sirnabert/model.pt,357327159,3c2e65632906c0503b51fc75930429eb7184e86d58f88088f7c7cd0de217e047,False
sirnabert,siRBench/benchmark/competitors/runs/revision_v1/sirnabert/random_fold3_seed2,/SCRATCH/dtzim01/sirbench-revision-20260921/siRBench/benchmark/competitors/runs/revision_v1/sirnabert/random_fold3_seed2/models/sirnabert/model.pt,357327159,86af08b452ba3d7d45da30cce1f83dbbfe8543dc183ceabc0f3a9b4f57b065fb,False
sirnabert,siRBench/benchmark/competitors/runs/revision_v1/sirnabert/random_fold4_seed0,/SCRATCH/dtzim01/sirbench-revision-20260921/siRBench/benchmark/competitors/runs/revision_v1/sirnabert/random_fold4_seed0/models/sirnabert/model.pt,357327159,8bc37edc957b6e326386ffbbe243d64d59bed1414542d9daf4c5abcc923543ea,False
sirnabert,siRBench/benchmark/competitors/runs/revision_v1/sirnabert/random_fold4_seed1,/SCRATCH/dtzim01/sirbench-revision-20260921/siRBench/benchmark/competitors/runs/revision_v1/sirnabert/random_fold4_seed1/models/sirnabert/model.pt,357327159,cf98d1c567ae4f77ca1c830fa2ae7b529e8b46fb8caf26eb7a11bdaf55063e3c,False
sirnabert,siRBench/benchmark/competitors/runs/revision_v1/sirnabert/random_fold4_seed2,/SCRATCH/dtzim01/sirbench-revision-20260921/siRBench/benchmark/competitors/runs/revision_v1/sirnabert/random_fold4_seed2/models/sirnabert/model.pt,357327159,fd059aefe5df9adda46eea97bdba30c45dffcfa03fcd26a91d76bb91559cf9e8,False
sirnadiscovery,siRBench/benchmark/competitors/runs/revision_v1/sirnadiscovery/grouped_fold0_seed0,/SCRATCH/dtzim01/sirbench-revision-20260921/siRBench/benchmark/competitors/runs/revision_v1/sirnadiscovery/grouped_fold0_seed0/models/sirnadiscovery/model.keras,1752864,7dc22e6619c4dee81e77fee97d443110bd9ee767e844d23431d8c4e696796926,False
sirnadiscovery,siRBench/benchmark/competitors/runs/revision_v1/sirnadiscovery/grouped_fold0_seed1,/SCRATCH/dtzim01/sirbench-revision-20260921/siRBench/benchmark/competitors/runs/revision_v1/sirnadiscovery/grouped_fold0_seed1/models/sirnadiscovery/model.keras,1752864,a5541c36f4070278b892aec99b5391a68cce42d2c8ec4b55d438e4feec07fafd,False
sirnadiscovery,siRBench/benchmark/competitors/runs/revision_v1/sirnadiscovery/grouped_fold0_seed2,/SCRATCH/dtzim01/sirbench-revision-20260921/siRBench/benchmark/competitors/runs/revision_v1/sirnadiscovery/grouped_fold0_seed2/models/sirnadiscovery/model.keras,1752864,7ed1b802807388328ff58a2863fb5806e21d8fdd7aaf64a7c1f815b886d49668,False
sirnadiscovery,siRBench/benchmark/competitors/runs/revision_v1/sirnadiscovery/grouped_fold1_seed0,/SCRATCH/dtzim01/sirbench-revision-20260921/siRBench/benchmark/competitors/runs/revision_v1/sirnadiscovery/grouped_fold1_seed0/models/sirnadiscovery/model.keras,1752864,98eb3123d480f9272bf3a5e1927ffa8e517310aff4a704effafc56e92f23463a,False
sirnadiscovery,siRBench/benchmark/competitors/runs/revision_v1/sirnadiscovery/grouped_fold1_seed1,/SCRATCH/dtzim01/sirbench-revision-20260921/siRBench/benchmark/competitors/runs/revision_v1/sirnadiscovery/grouped_fold1_seed1/models/sirnadiscovery/model.keras,1752864,f8ce9e07572a766aaeba2b7f917e76df3dbd03bf665e16a01e69c8d2c8602df5,False
sirnadiscovery,siRBench/benchmark/competitors/runs/revision_v1/sirnadiscovery/grouped_fold1_seed2,/SCRATCH/dtzim01/sirbench-revision-20260921/siRBench/benchmark/competitors/runs/revision_v1/sirnadiscovery/grouped_fold1_seed2/models/sirnadiscovery/model.keras,1752864,c4a34b0fffd5a8377f8fce0802ff38c4b95927997f4ef51073694af94ce9ba52,False
sirnadiscovery,siRBench/benchmark/competitors/runs/revision_v1/sirnadiscovery/grouped_fold2_seed0,/SCRATCH/dtzim01/sirbench-revision-20260921/siRBench/benchmark/competitors/runs/revision_v1/sirnadiscovery/grouped_fold2_seed0/models/sirnadiscovery/model.keras,1752864,a7935d3e78b45577305d5f96dd69c1a054704d24349ef20dab6f54bb4d8e8a20,False
sirnadiscovery,siRBench/benchmark/competitors/runs/revision_v1/sirnadiscovery/grouped_fold2_seed1,/SCRATCH/dtzim01/sirbench-revision-20260921/siRBench/benchmark/competitors/runs/revision_v1/sirnadiscovery/grouped_fold2_seed1/models/sirnadiscovery/model.keras,1752864,91b86fc324427d65e139647ed8d6e0a1173f08a814218f5fafeee0aa1b6bcefc,False
sirnadiscovery,siRBench/benchmark/competitors/runs/revision_v1/sirnadiscovery/grouped_fold2_seed2,/SCRATCH/dtzim01/sirbench-revision-20260921/siRBench/benchmark/competitors/runs/revision_v1/sirnadiscovery/grouped_fold2_seed2/models/sirnadiscovery/model.keras,1752864,dc7a69dda80b1312cf577c793db979780b45442e4406a4b3b06ec5f3f735e101,False
sirnadiscovery,siRBench/benchmark/competitors/runs/revision_v1/sirnadiscovery/grouped_fold3_seed0,/SCRATCH/dtzim01/sirbench-revision-20260921/siRBench/benchmark/competitors/runs/revision_v1/sirnadiscovery/grouped_fold3_seed0/models/sirnadiscovery/model.keras,1752864,b9a938ae2d1112fcc5353f2b20a3493eaac007ca241ad5a9c226e61efd9e3114,False
sirnadiscovery,siRBench/benchmark/competitors/runs/revision_v1/sirnadiscovery/grouped_fold3_seed1,/SCRATCH/dtzim01/sirbench-revision-20260921/siRBench/benchmark/competitors/runs/revision_v1/sirnadiscovery/grouped_fold3_seed1/models/sirnadiscovery/model.keras,1752864,cdd60cdd8afe208ea1b8d2317536ceb7b1dc8d0d5912cf24437b7dfa9b7314c4,False
sirnadiscovery,siRBench/benchmark/competitors/runs/revision_v1/sirnadiscovery/grouped_fold3_seed2,/SCRATCH/dtzim01/sirbench-revision-20260921/siRBench/benchmark/competitors/runs/revision_v1/sirnadiscovery/grouped_fold3_seed2/models/sirnadiscovery/model.keras,1752864,7e7e87f1de6618780ceafe1da4628da7b8159491e80fc8ad1ecdf8dc7b3ba4cf,False
sirnadiscovery,siRBench/benchmark/competitors/runs/revision_v1/sirnadiscovery/grouped_fold4_seed0,/SCRATCH/dtzim01/sirbench-revision-20260921/siRBench/benchmark/competitors/runs/revision_v1/sirnadiscovery/grouped_fold4_seed0/models/sirnadiscovery/model.keras,1752864,72920bbc36f8c959a103cba165c4d9abbdcf004ac02d822d57389a26e415cd20,False
sirnadiscovery,siRBench/benchmark/competitors/runs/revision_v1/sirnadiscovery/grouped_fold4_seed1,/SCRATCH/dtzim01/sirbench-revision-20260921/siRBench/benchmark/competitors/runs/revision_v1/sirnadiscovery/grouped_fold4_seed1/models/sirnadiscovery/model.keras,1752864,f35fdbefd4c4f5bd13a1d685d395906e0c410a84d61ef424aada7ccff0472921,False
sirnadiscovery,siRBench/benchmark/competitors/runs/revision_v1/sirnadiscovery/grouped_fold4_seed2,/SCRATCH/dtzim01/sirbench-revision-20260921/siRBench/benchmark/competitors/runs/revision_v1/sirnadiscovery/grouped_fold4_seed2/models/sirnadiscovery/model.keras,1752864,6def6174d577476069c6b59b464fe400ee109f3f1ebb48dc69718dd6d7c5c96c,False
sirnadiscovery,siRBench/benchmark/competitors/runs/revision_v1/sirnadiscovery/random_fold0_seed0,/SCRATCH/dtzim01/sirbench-revision-20260921/siRBench/benchmark/competitors/runs/revision_v1/sirnadiscovery/random_fold0_seed0/models/sirnadiscovery/model.keras,1752864,2e11b78947deda687ba3ddfcccbbc46c0aaa56096d17c89626c2569265308b1e,False
sirnadiscovery,siRBench/benchmark/competitors/runs/revision_v1/sirnadiscovery/random_fold0_seed1,/SCRATCH/dtzim01/sirbench-revision-20260921/siRBench/benchmark/competitors/runs/revision_v1/sirnadiscovery/random_fold0_seed1/models/sirnadiscovery/model.keras,1752864,8b594a55bf6a5c8e22ff45d18870e2b41ac4db0568fa622e967b97276335454d,False
sirnadiscovery,siRBench/benchmark/competitors/runs/revision_v1/sirnadiscovery/random_fold0_seed2,/SCRATCH/dtzim01/sirbench-revision-20260921/siRBench/benchmark/competitors/runs/revision_v1/sirnadiscovery/random_fold0_seed2/models/sirnadiscovery/model.keras,1752864,d1ffb164ec904f50597caf10c432fdf01e6b91e5805d19bf81978981022bcff6,False
sirnadiscovery,siRBench/benchmark/competitors/runs/revision_v1/sirnadiscovery/random_fold1_seed0,/SCRATCH/dtzim01/sirbench-revision-20260921/siRBench/benchmark/competitors/runs/revision_v1/sirnadiscovery/random_fold1_seed0/models/sirnadiscovery/model.keras,1752864,d723f6106676f2970212a1a8690ad02ee459d1337a777d2259dc32471e12812d,False
sirnadiscovery,siRBench/benchmark/competitors/runs/revision_v1/sirnadiscovery/random_fold1_seed1,/SCRATCH/dtzim01/sirbench-revision-20260921/siRBench/benchmark/competitors/runs/revision_v1/sirnadiscovery/random_fold1_seed1/models/sirnadiscovery/model.keras,1752864,ad3d9a6254b72d084726204749394b1f90096dbac074fbb0456db32cccc06ea9,False
sirnadiscovery,siRBench/benchmark/competitors/runs/revision_v1/sirnadiscovery/random_fold1_seed2,/SCRATCH/dtzim01/sirbench-revision-20260921/siRBench/benchmark/competitors/runs/revision_v1/sirnadiscovery/random_fold1_seed2/models/sirnadiscovery/model.keras,1752864,deb73957e610b1740cad19866584a0d5627213cb15757182ad9231c7079b3273,False
sirnadiscovery,siRBench/benchmark/competitors/runs/revision_v1/sirnadiscovery/random_fold2_seed0,/SCRATCH/dtzim01/sirbench-revision-20260921/siRBench/benchmark/competitors/runs/revision_v1/sirnadiscovery/random_fold2_seed0/models/sirnadiscovery/model.keras,1752864,98e1a736e9faa8d2365b2c590818858c07dcf4e25f0caa66771198bc8df77c3e,False
sirnadiscovery,siRBench/benchmark/competitors/runs/revision_v1/sirnadiscovery/random_fold2_seed1,/SCRATCH/dtzim01/sirbench-revision-20260921/siRBench/benchmark/competitors/runs/revision_v1/sirnadiscovery/random_fold2_seed1/models/sirnadiscovery/model.keras,1752864,4b5c5a31fd8c2e3ef81707e92e1856fb255a28b56bc3394572b85f803c5749eb,False
sirnadiscovery,siRBench/benchmark/competitors/runs/revision_v1/sirnadiscovery/random_fold2_seed2,/SCRATCH/dtzim01/sirbench-revision-20260921/siRBench/benchmark/competitors/runs/revision_v1/sirnadiscovery/random_fold2_seed2/models/sirnadiscovery/model.keras,1752864,ae260a344db4d0e42c0ec94b63c51b1a87747a509e02bf289bcc986614975915,False
sirnadiscovery,siRBench/benchmark/competitors/runs/revision_v1/sirnadiscovery/random_fold3_seed0,/SCRATCH/dtzim01/sirbench-revision-20260921/siRBench/benchmark/competitors/runs/revision_v1/sirnadiscovery/random_fold3_seed0/models/sirnadiscovery/model.keras,1752864,a0a6a06c573a99ce0d3513f33d81452e9a9ce406ecf2b92b4125db3fa06b9ffa,False
sirnadiscovery,siRBench/benchmark/competitors/runs/revision_v1/sirnadiscovery/random_fold3_seed1,/SCRATCH/dtzim01/sirbench-revision-20260921/siRBench/benchmark/competitors/runs/revision_v1/sirnadiscovery/random_fold3_seed1/models/sirnadiscovery/model.keras,1752864,03c680d3f5085289994f78391674c221417d1343e686eff12b125a4009ccfba6,False
sirnadiscovery,siRBench/benchmark/competitors/runs/revision_v1/sirnadiscovery/random_fold3_seed2,/SCRATCH/dtzim01/sirbench-revision-20260921/siRBench/benchmark/competitors/runs/revision_v1/sirnadiscovery/random_fold3_seed2/models/sirnadiscovery/model.keras,1752864,a7de0fb55a701e09df05d05f76111acaff9fd40903b44d13044303ce125ab5d3,False
sirnadiscovery,siRBench/benchmark/competitors/runs/revision_v1/sirnadiscovery/random_fold4_seed0,/SCRATCH/dtzim01/sirbench-revision-20260921/siRBench/benchmark/competitors/runs/revision_v1/sirnadiscovery/random_fold4_seed0/models/sirnadiscovery/model.keras,1752864,3b872a9911e9734c8cc921f38e54e925a84c415ca73517d5ec08d3d4df8bf3c4,False
sirnadiscovery,siRBench/benchmark/competitors/runs/revision_v1/sirnadiscovery/random_fold4_seed1,/SCRATCH/dtzim01/sirbench-revision-20260921/siRBench/benchmark/competitors/runs/revision_v1/sirnadiscovery/random_fold4_seed1/models/sirnadiscovery/model.keras,1752864,d08d475ecf7028cfabbd8d4dc72ce0a7da74817d79017d36dba11a1c4951fec2,False
sirnadiscovery,siRBench/benchmark/competitors/runs/revision_v1/sirnadiscovery/random_fold4_seed2,/SCRATCH/dtzim01/sirbench-revision-20260921/siRBench/benchmark/competitors/runs/revision_v1/sirnadiscovery/random_fold4_seed2/models/sirnadiscovery/model.keras,1752864,2231e819aa85ded9370685616b8808650aa272029b0deb486403d02b73156489,False
oligoformer,siRBench/benchmark/competitors/runs/revision_v1_original/oligoformer/grouped_fold0_seed0,/SCRATCH/dtzim01/sirbench-revision-20260921/siRBench/benchmark/competitors/runs/revision_v1_original/oligoformer/grouped_fold0_seed0/models/oligoformer/model.pt,5788593,ac9296d68a6ae18b4def19d6ec8ac1e8af7e897a8cc6ce47b1dd4feecc573556,False
oligoformer,siRBench/benchmark/competitors/runs/revision_v1_original/oligoformer/grouped_fold0_seed1,/SCRATCH/dtzim01/sirbench-revision-20260921/siRBench/benchmark/competitors/runs/revision_v1_original/oligoformer/grouped_fold0_seed1/models/oligoformer/model.pt,5788593,98b8d17eba6ccd775dc42d73177cd129742de3aca894d456e0b6c9a0a2a63b17,False
oligoformer,siRBench/benchmark/competitors/runs/revision_v1_original/oligoformer/grouped_fold0_seed2,/SCRATCH/dtzim01/sirbench-revision-20260921/siRBench/benchmark/competitors/runs/revision_v1_original/oligoformer/grouped_fold0_seed2/models/oligoformer/model.pt,5788593,8ec6f590b0ab9a5193b85bb357756ef2b1d0b61f934e012937d22a72dc3a5a7e,False
sirnabert,siRBench/benchmark/competitors/runs/revision_v1_original/sirnabert/grouped_fold0_seed0,/SCRATCH/dtzim01/sirbench-revision-20260921/siRBench/benchmark/competitors/runs/revision_v1_original/sirnabert/grouped_fold0_seed0/models/sirnabert/model.pt,357327159,ab4b1d7c6605e4a0a34f48dd2e1cffccff5f939c8f3be3647c8adf85bbf4ff9d,False
sirnabert,siRBench/benchmark/competitors/runs/revision_v1_original/sirnabert/grouped_fold0_seed1,/SCRATCH/dtzim01/sirbench-revision-20260921/siRBench/benchmark/competitors/runs/revision_v1_original/sirnabert/grouped_fold0_seed1/models/sirnabert/model.pt,357327159,6c72619a55928b9922c49931bf87a33dd58b9e22179198df2555faa26f035b5e,False
sirnabert,siRBench/benchmark/competitors/runs/revision_v1_original/sirnabert/grouped_fold0_seed2,/SCRATCH/dtzim01/sirbench-revision-20260921/siRBench/benchmark/competitors/runs/revision_v1_original/sirnabert/grouped_fold0_seed2/models/sirnabert/model.pt,357327159,ad99c0d6d0e372c43f926366d1bff5122e8bffd1310a0815f282cc979eb4e25c,False
attsioff,siRBench/benchmark/competitors/runs/sensitivity_v1/attsioff/attsioff_extent_original_fold0_seed0,/SCRATCH/dtzim01/sirbench-revision-20260921/siRBench/benchmark/competitors/runs/sensitivity_v1/attsioff/attsioff_extent_original_fold0_seed0/models/attsioff/model.pt,2324823,2050d64d6164f977d589d55cec1529504de689521caa63c8a6b67db0be4925ee,False
attsioff,siRBench/benchmark/competitors/runs/sensitivity_v1/attsioff/attsioff_extent_original_fold0_seed0,/SCRATCH/dtzim01/sirbench-revision-20260921/siRBench/benchmark/competitors/runs/sensitivity_v1/attsioff/attsioff_extent_original_fold0_seed0/models/attsioff/training_pssm.npy,800,917e68402609aa1323937c9f3546b08fffbf81e4559d0a3da703c56422de17d0,False
attsioff,siRBench/benchmark/competitors/runs/sensitivity_v1/attsioff/attsioff_extent_original_fold0_seed1,/SCRATCH/dtzim01/sirbench-revision-20260921/siRBench/benchmark/competitors/runs/sensitivity_v1/attsioff/attsioff_extent_original_fold0_seed1/models/attsioff/model.pt,2324823,865fd4a28cda57a90a4588019eb533c1968e1f706a0fdfc12df93337584ba0f6,False
attsioff,siRBench/benchmark/competitors/runs/sensitivity_v1/attsioff/attsioff_extent_original_fold0_seed1,/SCRATCH/dtzim01/sirbench-revision-20260921/siRBench/benchmark/competitors/runs/sensitivity_v1/attsioff/attsioff_extent_original_fold0_seed1/models/attsioff/training_pssm.npy,800,917e68402609aa1323937c9f3546b08fffbf81e4559d0a3da703c56422de17d0,False
attsioff,siRBench/benchmark/competitors/runs/sensitivity_v1/attsioff/attsioff_extent_original_fold0_seed2,/SCRATCH/dtzim01/sirbench-revision-20260921/siRBench/benchmark/competitors/runs/sensitivity_v1/attsioff/attsioff_extent_original_fold0_seed2/models/attsioff/model.pt,2324823,b171041fa9b3936ccb222d604634012836d83ec12b1c20b4f06ec81000cd4ec4,False
attsioff,siRBench/benchmark/competitors/runs/sensitivity_v1/attsioff/attsioff_extent_original_fold0_seed2,/SCRATCH/dtzim01/sirbench-revision-20260921/siRBench/benchmark/competitors/runs/sensitivity_v1/attsioff/attsioff_extent_original_fold0_seed2/models/attsioff/training_pssm.npy,800,917e68402609aa1323937c9f3546b08fffbf81e4559d0a3da703c56422de17d0,False
attsioff,siRBench/benchmark/competitors/runs/sensitivity_v1/attsioff/attsioff_extent_standardized_fold0_seed0,/SCRATCH/dtzim01/sirbench-revision-20260921/siRBench/benchmark/competitors/runs/sensitivity_v1/attsioff/attsioff_extent_standardized_fold0_seed0/models/attsioff/model.pt,2324823,8137e1b0e5f09af681970616d51db065bcc70503d45523ca718fcac3142816fa,False
attsioff,siRBench/benchmark/competitors/runs/sensitivity_v1/attsioff/attsioff_extent_standardized_fold0_seed0,/SCRATCH/dtzim01/sirbench-revision-20260921/siRBench/benchmark/competitors/runs/sensitivity_v1/attsioff/attsioff_extent_standardized_fold0_seed0/models/attsioff/training_pssm.npy,736,7853e06a7a139d47d0e0969454e7a4c139cdb9c014ed58f92f1c28527b5fe696,False
attsioff,siRBench/benchmark/competitors/runs/sensitivity_v1/attsioff/attsioff_extent_standardized_fold0_seed1,/SCRATCH/dtzim01/sirbench-revision-20260921/siRBench/benchmark/competitors/runs/sensitivity_v1/attsioff/attsioff_extent_standardized_fold0_seed1/models/attsioff/model.pt,2324823,54a63fd32466dcf1ede0a7831ee6ef010892dcb8c65ea2d3d896960c0b99a625,False
attsioff,siRBench/benchmark/competitors/runs/sensitivity_v1/attsioff/attsioff_extent_standardized_fold0_seed1,/SCRATCH/dtzim01/sirbench-revision-20260921/siRBench/benchmark/competitors/runs/sensitivity_v1/attsioff/attsioff_extent_standardized_fold0_seed1/models/attsioff/training_pssm.npy,736,7853e06a7a139d47d0e0969454e7a4c139cdb9c014ed58f92f1c28527b5fe696,False
attsioff,siRBench/benchmark/competitors/runs/sensitivity_v1/attsioff/attsioff_extent_standardized_fold0_seed2,/SCRATCH/dtzim01/sirbench-revision-20260921/siRBench/benchmark/competitors/runs/sensitivity_v1/attsioff/attsioff_extent_standardized_fold0_seed2/models/attsioff/model.pt,2324823,46fdefe41c8f680e8b40fcd6b1cb9cf2352e842d8505cff8489fb8b68d68eed7,False
attsioff,siRBench/benchmark/competitors/runs/sensitivity_v1/attsioff/attsioff_extent_standardized_fold0_seed2,/SCRATCH/dtzim01/sirbench-revision-20260921/siRBench/benchmark/competitors/runs/sensitivity_v1/attsioff/attsioff_extent_standardized_fold0_seed2/models/attsioff/training_pssm.npy,736,7853e06a7a139d47d0e0969454e7a4c139cdb9c014ed58f92f1c28527b5fe696,False
attsioff,siRBench/benchmark/competitors/runs/sensitivity_v1/attsioff/attsioff_original_schedule_fold0_seed0,/SCRATCH/dtzim01/sirbench-revision-20260921/siRBench/benchmark/competitors/runs/sensitivity_v1/attsioff/attsioff_original_schedule_fold0_seed0/models/attsioff/model.pt,2324823,7aceccd1ac34faa8b9810dfc9ed7e5ca7dc142e84ede2c74b357998efffaf42a,False
attsioff,siRBench/benchmark/competitors/runs/sensitivity_v1/attsioff/attsioff_original_schedule_fold0_seed0,/SCRATCH/dtzim01/sirbench-revision-20260921/siRBench/benchmark/competitors/runs/sensitivity_v1/attsioff/attsioff_original_schedule_fold0_seed0/models/attsioff/training_pssm.npy,736,899f431f3e91502ae503e881e5f06febe91aacda81ba71e9c4b718925cc1ad7a,False
attsioff,siRBench/benchmark/competitors/runs/sensitivity_v1/attsioff/attsioff_original_schedule_fold0_seed1,/SCRATCH/dtzim01/sirbench-revision-20260921/siRBench/benchmark/competitors/runs/sensitivity_v1/attsioff/attsioff_original_schedule_fold0_seed1/models/attsioff/model.pt,2324823,2f2e42fe52ce0586370e2d1487cfca0405df69a96f00aa78c83ff0453ad74041,False
attsioff,siRBench/benchmark/competitors/runs/sensitivity_v1/attsioff/attsioff_original_schedule_fold0_seed1,/SCRATCH/dtzim01/sirbench-revision-20260921/siRBench/benchmark/competitors/runs/sensitivity_v1/attsioff/attsioff_original_schedule_fold0_seed1/models/attsioff/training_pssm.npy,736,899f431f3e91502ae503e881e5f06febe91aacda81ba71e9c4b718925cc1ad7a,False
attsioff,siRBench/benchmark/competitors/runs/sensitivity_v1/attsioff/attsioff_original_schedule_fold0_seed2,/SCRATCH/dtzim01/sirbench-revision-20260921/siRBench/benchmark/competitors/runs/sensitivity_v1/attsioff/attsioff_original_schedule_fold0_seed2/models/attsioff/model.pt,2324823,756dae5b38e208c35a40c1fdfd04c3b51d1f85303dcb0c199615fa1107c52f05,False
attsioff,siRBench/benchmark/competitors/runs/sensitivity_v1/attsioff/attsioff_original_schedule_fold0_seed2,/SCRATCH/dtzim01/sirbench-revision-20260921/siRBench/benchmark/competitors/runs/sensitivity_v1/attsioff/attsioff_original_schedule_fold0_seed2/models/attsioff/training_pssm.npy,736,899f431f3e91502ae503e881e5f06febe91aacda81ba71e9c4b718925cc1ad7a,False
attsioff,siRBench/benchmark/competitors/runs/sensitivity_v1/attsioff/attsioff_position_corrected_fold0_seed0,/SCRATCH/dtzim01/sirbench-revision-20260921/siRBench/benchmark/competitors/runs/sensitivity_v1/attsioff/attsioff_position_corrected_fold0_seed0/models/attsioff/model.pt,2324823,fcb2c5731cde5394b4ef104ae6e9cc4f43175a904524b643391320425066559a,False
attsioff,siRBench/benchmark/competitors/runs/sensitivity_v1/attsioff/attsioff_position_corrected_fold0_seed0,/SCRATCH/dtzim01/sirbench-revision-20260921/siRBench/benchmark/competitors/runs/sensitivity_v1/attsioff/attsioff_position_corrected_fold0_seed0/models/attsioff/training_pssm.npy,736,899f431f3e91502ae503e881e5f06febe91aacda81ba71e9c4b718925cc1ad7a,False
attsioff,siRBench/benchmark/competitors/runs/sensitivity_v1/attsioff/attsioff_position_corrected_fold0_seed1,/SCRATCH/dtzim01/sirbench-revision-20260921/siRBench/benchmark/competitors/runs/sensitivity_v1/attsioff/attsioff_position_corrected_fold0_seed1/models/attsioff/model.pt,2324823,f27f7eb96cb447e5f667d1ef84e14b00f2529880088ea5eb961fe917743a76dc,False
attsioff,siRBench/benchmark/competitors/runs/sensitivity_v1/attsioff/attsioff_position_corrected_fold0_seed1,/SCRATCH/dtzim01/sirbench-revision-20260921/siRBench/benchmark/competitors/runs/sensitivity_v1/attsioff/attsioff_position_corrected_fold0_seed1/models/attsioff/training_pssm.npy,736,899f431f3e91502ae503e881e5f06febe91aacda81ba71e9c4b718925cc1ad7a,False
attsioff,siRBench/benchmark/competitors/runs/sensitivity_v1/attsioff/attsioff_position_corrected_fold0_seed2,/SCRATCH/dtzim01/sirbench-revision-20260921/siRBench/benchmark/competitors/runs/sensitivity_v1/attsioff/attsioff_position_corrected_fold0_seed2/models/attsioff/model.pt,2324823,00d2fa339ce1d27d817e90e83ea2c9d7ef587f6d7c66ba0ad04709971cd3bec4,False
attsioff,siRBench/benchmark/competitors/runs/sensitivity_v1/attsioff/attsioff_position_corrected_fold0_seed2,/SCRATCH/dtzim01/sirbench-revision-20260921/siRBench/benchmark/competitors/runs/sensitivity_v1/attsioff/attsioff_position_corrected_fold0_seed2/models/attsioff/training_pssm.npy,736,899f431f3e91502ae503e881e5f06febe91aacda81ba71e9c4b718925cc1ad7a,False
sirnadiscovery,siRBench/benchmark/competitors/runs/sensitivity_v1/sirnadiscovery/sirnadiscovery_extent_original_fold0_seed0,/SCRATCH/dtzim01/sirbench-revision-20260921/siRBench/benchmark/competitors/runs/sensitivity_v1/sirnadiscovery/sirnadiscovery_extent_original_fold0_seed0/models/sirnadiscovery/model.keras,31548192,b43a234c88095265fd97bf42e5e4a84464fa941dff1b0be0b7c7aa13770e927d,False
sirnadiscovery,siRBench/benchmark/competitors/runs/sensitivity_v1/sirnadiscovery/sirnadiscovery_extent_original_fold0_seed1,/SCRATCH/dtzim01/sirbench-revision-20260921/siRBench/benchmark/competitors/runs/sensitivity_v1/sirnadiscovery/sirnadiscovery_extent_original_fold0_seed1/models/sirnadiscovery/model.keras,31548192,757cec430876fe90604ca1d8e1a3da5b9a9d5d2e3f38c71dfb1594c6d7c55855,False
sirnadiscovery,siRBench/benchmark/competitors/runs/sensitivity_v1/sirnadiscovery/sirnadiscovery_extent_original_fold0_seed2,/SCRATCH/dtzim01/sirbench-revision-20260921/siRBench/benchmark/competitors/runs/sensitivity_v1/sirnadiscovery/sirnadiscovery_extent_original_fold0_seed2/models/sirnadiscovery/model.keras,31548192,66a16fe5f9cc7870aa3adeec327b2e1df9cbc27cfe1c2691a59af3402506dd76,False
sirnadiscovery,siRBench/benchmark/competitors/runs/sensitivity_v1/sirnadiscovery/sirnadiscovery_extent_standardized_fold0_seed0,/SCRATCH/dtzim01/sirbench-revision-20260921/siRBench/benchmark/competitors/runs/sensitivity_v1/sirnadiscovery/sirnadiscovery_extent_standardized_fold0_seed0/models/sirnadiscovery/model.keras,1752864,9d227629837265481472c1ed93d79392987150aee53a50f412613b140ff543e3,False
sirnadiscovery,siRBench/benchmark/competitors/runs/sensitivity_v1/sirnadiscovery/sirnadiscovery_extent_standardized_fold0_seed1,/SCRATCH/dtzim01/sirbench-revision-20260921/siRBench/benchmark/competitors/runs/sensitivity_v1/sirnadiscovery/sirnadiscovery_extent_standardized_fold0_seed1/models/sirnadiscovery/model.keras,1752864,60fc71d33f4b5faded4484afd9d740cae55ba217182a0498feabe18974fd950f,False
sirnadiscovery,siRBench/benchmark/competitors/runs/sensitivity_v1/sirnadiscovery/sirnadiscovery_extent_standardized_fold0_seed2,/SCRATCH/dtzim01/sirbench-revision-20260921/siRBench/benchmark/competitors/runs/sensitivity_v1/sirnadiscovery/sirnadiscovery_extent_standardized_fold0_seed2/models/sirnadiscovery/model.keras,1752864,71682ab31c86204de2d70c06ee6d397c6154d2ab2242af4de93d24d42f0c4579,False
sirnadiscovery,siRBench/benchmark/competitors/runs/sensitivity_v1/sirnadiscovery/sirnadiscovery_mrna_config38_fold0_seed0,/SCRATCH/dtzim01/sirbench-revision-20260921/siRBench/benchmark/competitors/runs/sensitivity_v1/sirnadiscovery/sirnadiscovery_mrna_config38_fold0_seed0/models/sirnadiscovery/model.keras,1687200,b487af5c66d23c6df8c65ae42275a80d2a76aba076a49f2f2ede07749f4fdbe4,False
sirnadiscovery,siRBench/benchmark/competitors/runs/sensitivity_v1/sirnadiscovery/sirnadiscovery_mrna_config38_fold0_seed1,/SCRATCH/dtzim01/sirbench-revision-20260921/siRBench/benchmark/competitors/runs/sensitivity_v1/sirnadiscovery/sirnadiscovery_mrna_config38_fold0_seed1/models/sirnadiscovery/model.keras,1687200,d8af3516768e72caf5f54bc8c4c4ebd34b073eb56f5583c10cfb8aa0ca4b2c5c,False
sirnadiscovery,siRBench/benchmark/competitors/runs/sensitivity_v1/sirnadiscovery/sirnadiscovery_mrna_config38_fold0_seed2,/SCRATCH/dtzim01/sirbench-revision-20260921/siRBench/benchmark/competitors/runs/sensitivity_v1/sirnadiscovery/sirnadiscovery_mrna_config38_fold0_seed2/models/sirnadiscovery/model.keras,1687200,d7bbcfa05e1c0931c01ffd59d201625c4d3eabe3f656f9d4a724bd92dbdecc5b,False
sirnadiscovery,siRBench/benchmark/competitors/runs/sensitivity_v1/sirnadiscovery/sirnadiscovery_schedule26_fold0_seed0,/SCRATCH/dtzim01/sirbench-revision-20260921/siRBench/benchmark/competitors/runs/sensitivity_v1/sirnadiscovery/sirnadiscovery_schedule26_fold0_seed0/models/sirnadiscovery/model.keras,1752864,3670f1d70c4c2e3ba13563844e7cd6626d6c14ff328325700cb088343be521a5,False
sirnadiscovery,siRBench/benchmark/competitors/runs/sensitivity_v1/sirnadiscovery/sirnadiscovery_schedule26_fold0_seed1,/SCRATCH/dtzim01/sirbench-revision-20260921/siRBench/benchmark/competitors/runs/sensitivity_v1/sirnadiscovery/sirnadiscovery_schedule26_fold0_seed1/models/sirnadiscovery/model.keras,1752864,945365812003057ea57464979ef7b03da396e0f5e74740c2cd6b97b50b8d0f61,False
sirnadiscovery,siRBench/benchmark/competitors/runs/sensitivity_v1/sirnadiscovery/sirnadiscovery_schedule26_fold0_seed2,/SCRATCH/dtzim01/sirbench-revision-20260921/siRBench/benchmark/competitors/runs/sensitivity_v1/sirnadiscovery/sirnadiscovery_schedule26_fold0_seed2/models/sirnadiscovery/model.keras,1752864,dcbc6b344bcb34561bb1b38040f382005e9b971f385b59c806406d8cebfac427,False
