cell_line,true_mean,pred_mean,bias,count
h1299,0.5130985379219055,0.5078434794030154,-0.005255058518890077,213
halacat,0.550000011920929,0.5331791661679744,-0.016820845752954505,4
hek293,0.722631573677063,0.7566094329615726,0.03397785928450958,19
hek293t,0.5916666388511658,0.6565767838916264,0.06491014504046067,6
hep3b,0.7516667246818542,0.7609096513707019,0.00924292668884763,30
t24,0.5862499475479126,0.5705365809016832,-0.015713366646229354,8
