{
  "rmse": 0.12202202042059986,
  "mae": 0.0935055242999176,
  "r2": 0.6058431979617869,
  "pearson": 0.7783592987571915,
  "spearman": 0.7635321903434975
}