quintile,true_mean,pred_mean,bias,rmse,count
0,0.29245615005493164,0.41739668654671713,0.12494053649178549,0.17287117900472243,57
1,0.4485454559326172,0.47935770199935684,0.030812246066739657,0.09201099268807923,55
2,0.5552542209625244,0.531404687175394,-0.023849533787130395,0.09012039136712612,59
3,0.6632142663002014,0.6074591139015421,-0.05575515239865936,0.11992789171308253,56
4,0.8447169065475464,0.7638326081227593,-0.08088429842478706,0.11617889692021227,53
