source,true_mean,pred_mean,bias,count
Huesken,0.5130985379219055,0.5078434794030154,-0.005255058518890077,213
Simone,0.7516667246818542,0.7609096513707019,0.00924292668884763,30
amarz,0.550000011920929,0.5331791661679744,-0.016820845752954505,4
hsieh,0.5916666388511658,0.6565767838916264,0.06491014504046067,6
khvorova,0.05000000074505806,0.4215789437784176,0.37157894303335953,1
reynolds,0.7600000500679016,0.7752222379161924,0.015222187848290769,18
vickers,0.5862499475479126,0.5705365809016832,-0.015713366646229354,8
