{
  "mae": 0.16149241454101035,
  "mse": 0.04060329877132835,
  "n": 896,
  "pearson": 0.500145867280419,
  "r2": 0.19526160105108314,
  "rmse": 0.20150260239343895,
  "spearman": 0.5168290358221287
}