{
  "mae": 0.17329091939942115,
  "mse": 0.046517975447229486,
  "n": 896,
  "pearson": 0.4298238060941436,
  "r2": 0.07803547454172066,
  "rmse": 0.21568026207149668,
  "spearman": 0.42622279210191893
}