{
  "mae": 0.11826547633517873,
  "mse": 0.02459253842903265,
  "n": 275,
  "pearson": 0.6369004000819927,
  "r2": 0.34033241454197405,
  "rmse": 0.15682008299013442,
  "spearman": 0.643845145642515
}