{
  "best_epoch": 19,
  "best_val_pcc": 0.5044578452186758,
  "test_pcc": 0.4394126459410358,
  "test_spearman": 0.35725075529253686,
  "test_mse": 0.06661194375165681,
  "n_test": 690
}